2026-02-16T10:09:27.878+02:00  INFO 22684 --- [ecommerce] [main] c.smart.ecommerce.EcommerceApplication   : Starting EcommerceApplication using Java 25.0.1 with PID 22684 (D:\Amalitech Courses\Spring Web Fundamentals\ecommerce\ecommerce\target\classes started by Amalitech in D:\Amalitech Courses\Spring Web Fundamentals\ecommerce\ecommerce)
2026-02-16T10:09:27.884+02:00  INFO 22684 --- [ecommerce] [main] c.smart.ecommerce.EcommerceApplication   : The following 1 profile is active: "dev"
2026-02-16T10:09:30.324+02:00  INFO 22684 --- [ecommerce] [main] .s.d.r.c.RepositoryConfigurationDelegate : Multiple Spring Data modules found, entering strict repository configuration mode
2026-02-16T10:09:30.329+02:00  INFO 22684 --- [ecommerce] [main] .s.d.r.c.RepositoryConfigurationDelegate : Bootstrapping Spring Data JPA repositories in DEFAULT mode.
2026-02-16T10:09:30.625+02:00  INFO 22684 --- [ecommerce] [main] .RepositoryConfigurationExtensionSupport : Spring Data JPA - Could not safely identify store assignment for repository candidate interface com.smart.ecommerce.repository.ReviewRepository; If you want this repository to be a JPA repository, consider annotating your entities with one of these annotations: jakarta.persistence.Entity, jakarta.persistence.MappedSuperclass (preferred), or consider extending one of the following types with your repository: org.springframework.data.jpa.repository.JpaRepository
2026-02-16T10:09:30.686+02:00  INFO 22684 --- [ecommerce] [main] .s.d.r.c.RepositoryConfigurationDelegate : Finished Spring Data repository scanning in 340 ms. Found 8 JPA repository interfaces.
2026-02-16T10:09:30.780+02:00  INFO 22684 --- [ecommerce] [main] .s.d.r.c.RepositoryConfigurationDelegate : Multiple Spring Data modules found, entering strict repository configuration mode
2026-02-16T10:09:30.782+02:00  INFO 22684 --- [ecommerce] [main] .s.d.r.c.RepositoryConfigurationDelegate : Bootstrapping Spring Data MongoDB repositories in DEFAULT mode.
2026-02-16T10:09:30.803+02:00  INFO 22684 --- [ecommerce] [main] .RepositoryConfigurationExtensionSupport : Spring Data MongoDB - Could not safely identify store assignment for repository candidate interface com.smart.ecommerce.repository.CartItemRepository; If you want this repository to be a MongoDB repository, consider annotating your entities with one of these annotations: org.springframework.data.mongodb.core.mapping.Document (preferred), or consider extending one of the following types with your repository: org.springframework.data.mongodb.repository.MongoRepository
2026-02-16T10:09:30.804+02:00  INFO 22684 --- [ecommerce] [main] .RepositoryConfigurationExtensionSupport : Spring Data MongoDB - Could not safely identify store assignment for repository candidate interface com.smart.ecommerce.repository.CartRepository; If you want this repository to be a MongoDB repository, consider annotating your entities with one of these annotations: org.springframework.data.mongodb.core.mapping.Document (preferred), or consider extending one of the following types with your repository: org.springframework.data.mongodb.repository.MongoRepository
2026-02-16T10:09:30.804+02:00  INFO 22684 --- [ecommerce] [main] .RepositoryConfigurationExtensionSupport : Spring Data MongoDB - Could not safely identify store assignment for repository candidate interface com.smart.ecommerce.repository.CategoryRepository; If you want this repository to be a MongoDB repository, consider annotating your entities with one of these annotations: org.springframework.data.mongodb.core.mapping.Document (preferred), or consider extending one of the following types with your repository: org.springframework.data.mongodb.repository.MongoRepository
2026-02-16T10:09:30.805+02:00  INFO 22684 --- [ecommerce] [main] .RepositoryConfigurationExtensionSupport : Spring Data MongoDB - Could not safely identify store assignment for repository candidate interface com.smart.ecommerce.repository.InventoryRepository; If you want this repository to be a MongoDB repository, consider annotating your entities with one of these annotations: org.springframework.data.mongodb.core.mapping.Document (preferred), or consider extending one of the following types with your repository: org.springframework.data.mongodb.repository.MongoRepository
2026-02-16T10:09:30.805+02:00  INFO 22684 --- [ecommerce] [main] .RepositoryConfigurationExtensionSupport : Spring Data MongoDB - Could not safely identify store assignment for repository candidate interface com.smart.ecommerce.repository.OrderItemRepository; If you want this repository to be a MongoDB repository, consider annotating your entities with one of these annotations: org.springframework.data.mongodb.core.mapping.Document (preferred), or consider extending one of the following types with your repository: org.springframework.data.mongodb.repository.MongoRepository
2026-02-16T10:09:30.806+02:00  INFO 22684 --- [ecommerce] [main] .RepositoryConfigurationExtensionSupport : Spring Data MongoDB - Could not safely identify store assignment for repository candidate interface com.smart.ecommerce.repository.OrderRepository; If you want this repository to be a MongoDB repository, consider annotating your entities with one of these annotations: org.springframework.data.mongodb.core.mapping.Document (preferred), or consider extending one of the following types with your repository: org.springframework.data.mongodb.repository.MongoRepository
2026-02-16T10:09:30.806+02:00  INFO 22684 --- [ecommerce] [main] .RepositoryConfigurationExtensionSupport : Spring Data MongoDB - Could not safely identify store assignment for repository candidate interface com.smart.ecommerce.repository.ProductRepository; If you want this repository to be a MongoDB repository, consider annotating your entities with one of these annotations: org.springframework.data.mongodb.core.mapping.Document (preferred), or consider extending one of the following types with your repository: org.springframework.data.mongodb.repository.MongoRepository
2026-02-16T10:09:30.807+02:00  INFO 22684 --- [ecommerce] [main] .RepositoryConfigurationExtensionSupport : Spring Data MongoDB - Could not safely identify store assignment for repository candidate interface com.smart.ecommerce.repository.UserRepository; If you want this repository to be a MongoDB repository, consider annotating your entities with one of these annotations: org.springframework.data.mongodb.core.mapping.Document (preferred), or consider extending one of the following types with your repository: org.springframework.data.mongodb.repository.MongoRepository
2026-02-16T10:09:30.821+02:00  INFO 22684 --- [ecommerce] [main] .s.d.r.c.RepositoryConfigurationDelegate : Finished Spring Data repository scanning in 35 ms. Found 1 MongoDB repository interface.
2026-02-16T10:09:32.433+02:00  INFO 22684 --- [ecommerce] [main] o.s.boot.tomcat.TomcatWebServer          : Tomcat initialized with port 8080 (http)
2026-02-16T10:09:32.451+02:00  INFO 22684 --- [ecommerce] [main] o.apache.catalina.core.StandardService   : Starting service [Tomcat]
2026-02-16T10:09:32.451+02:00  INFO 22684 --- [ecommerce] [main] o.apache.catalina.core.StandardEngine    : Starting Servlet engine: [Apache Tomcat/11.0.15]
2026-02-16T10:09:32.543+02:00  INFO 22684 --- [ecommerce] [main] b.w.c.s.WebApplicationContextInitializer : Root WebApplicationContext: initialization completed in 4559 ms
2026-02-16T10:09:33.099+02:00  INFO 22684 --- [ecommerce] [main] org.hibernate.orm.jpa                    : HHH008540: Processing PersistenceUnitInfo [name: default]
2026-02-16T10:09:33.174+02:00  INFO 22684 --- [ecommerce] [main] org.hibernate.orm.core                   : HHH000001: Hibernate ORM core version 7.2.0.Final
2026-02-16T10:09:33.907+02:00  INFO 22684 --- [ecommerce] [main] o.s.o.j.p.SpringPersistenceUnitInfo      : No LoadTimeWeaver setup: ignoring JPA class transformer
2026-02-16T10:09:33.947+02:00  INFO 22684 --- [ecommerce] [main] com.zaxxer.hikari.HikariDataSource       : HikariPool-1 - Starting...
2026-02-16T10:09:34.247+02:00  INFO 22684 --- [ecommerce] [main] com.zaxxer.hikari.pool.HikariPool        : HikariPool-1 - Added connection org.postgresql.jdbc.PgConnection@4a937d43
2026-02-16T10:09:34.249+02:00  INFO 22684 --- [ecommerce] [main] com.zaxxer.hikari.HikariDataSource       : HikariPool-1 - Start completed.
2026-02-16T10:09:34.300+02:00  WARN 22684 --- [ecommerce] [main] org.hibernate.orm.deprecation            : HHH90000025: PostgreSQLDialect does not need to be specified explicitly using 'hibernate.dialect' (remove the property setting and it will be selected by default)
2026-02-16T10:09:34.339+02:00  INFO 22684 --- [ecommerce] [main] org.hibernate.orm.connections.pooling    : HHH10001005: Database info:
	Database JDBC URL [jdbc:postgresql://localhost:5432/e_commerce_db]
	Database driver: PostgreSQL JDBC Driver
	Database dialect: PostgreSQLDialect
	Database version: 18.1
	Default catalog/schema: e_commerce_db/public
	Autocommit mode: undefined/unknown
	Isolation level: READ_COMMITTED [default READ_COMMITTED]
	JDBC fetch size: none
	Pool: DataSourceConnectionProvider
	Minimum pool size: undefined/unknown
	Maximum pool size: undefined/unknown
2026-02-16T10:09:35.824+02:00  INFO 22684 --- [ecommerce] [main] org.hibernate.orm.core                   : HHH000489: No JTA platform available (set 'hibernate.transaction.jta.platform' to enable JTA platform integration)
2026-02-16T10:09:35.993+02:00  INFO 22684 --- [ecommerce] [main] j.LocalContainerEntityManagerFactoryBean : Initialized JPA EntityManagerFactory for persistence unit 'default'
2026-02-16T10:09:36.263+02:00  INFO 22684 --- [ecommerce] [main] o.s.d.j.r.query.QueryEnhancerFactories   : Hibernate is in classpath; If applicable, HQL parser will be used.
2026-02-16T10:09:38.815+02:00  INFO 22684 --- [ecommerce] [main] org.mongodb.driver.client                : MongoClient with metadata {"driver": {"name": "mongo-java-driver|spring-boot|sync", "version": "5.6.2"}, "os": {"type": "Windows", "name": "Windows 11", "architecture": "amd64", "version": "10.0"}, "platform": "Java/Oracle Corporation/25.0.1+8-27"} created with settings MongoClientSettings{readPreference=primary, writeConcern=WriteConcern{w=null, wTimeout=null ms, journal=null}, retryWrites=true, retryReads=true, readConcern=ReadConcern{level=null}, credential=null, transportSettings=null, commandListeners=[io.micrometer.core.instrument.binder.mongodb.MongoMetricsCommandListener@512542aa], codecRegistry=ProvidersCodecRegistry{codecProviders=[ValueCodecProvider{}, BsonValueCodecProvider{}, DBRefCodecProvider{}, DBObjectCodecProvider{}, DocumentCodecProvider{}, CollectionCodecProvider{}, IterableCodecProvider{}, MapCodecProvider{}, GeoJsonCodecProvider{}, GridFSFileCodecProvider{}, Jsr310CodecProvider{}, JsonObjectCodecProvider{}, BsonCodecProvider{}, com.mongodb.client.model.mql.ExpressionCodecProvider@5b481d77, com.mongodb.Jep395RecordCodecProvider@761a429, com.mongodb.KotlinCodecProvider@411d3b5e, EnumCodecProvider{}]}, loggerSettings=LoggerSettings{maxDocumentLength=1000}, clusterSettings={hosts=[localhost:27017], srvServiceName=mongodb, mode=SINGLE, requiredClusterType=UNKNOWN, requiredReplicaSetName='null', serverSelector='null', clusterListeners='[]', serverSelectionTimeout='30000 ms', localThreshold='15 ms'}, socketSettings=SocketSettings{connectTimeoutMS=10000, readTimeoutMS=0, receiveBufferSize=0, proxySettings=ProxySettings{host=null, port=null, username=null, password=null}}, heartbeatSocketSettings=SocketSettings{connectTimeoutMS=10000, readTimeoutMS=10000, receiveBufferSize=0, proxySettings=ProxySettings{host=null, port=null, username=null, password=null}}, connectionPoolSettings=ConnectionPoolSettings{maxSize=100, minSize=0, maxWaitTimeMS=120000, maxConnectionLifeTimeMS=0, maxConnectionIdleTimeMS=0, maintenanceInitialDelayMS=0, maintenanceFrequencyMS=60000, connectionPoolListeners=[io.micrometer.core.instrument.binder.mongodb.MongoMetricsConnectionPoolListener@2bd9722], maxConnecting=2}, serverSettings=ServerSettings{heartbeatFrequencyMS=10000, minHeartbeatFrequencyMS=500, serverMonitoringMode=AUTO, serverListeners='[]', serverMonitorListeners='[]'}, sslSettings=SslSettings{enabled=false, invalidHostNameAllowed=false, context=null}, applicationName='null', compressorList=[], uuidRepresentation=UNSPECIFIED, serverApi=null, autoEncryptionSettings=null, dnsClient=null, inetAddressResolver=null, contextProvider=null, timeoutMS=null}
2026-02-16T10:09:38.856+02:00  INFO 22684 --- [ecommerce] [cluster-ClusterId{value='6992d0c28b6ce411dfed8f7d', description='null'}-localhost:27017] org.mongodb.driver.cluster               : Monitor thread successfully connected to server with description ServerDescription{address=localhost:27017, type=STANDALONE, cryptd=false, state=CONNECTED, ok=true, minWireVersion=0, maxWireVersion=27, maxDocumentSize=16777216, logicalSessionTimeoutMinutes=30, roundTripTimeNanos=33709400, minRoundTripTimeNanos=0}
2026-02-16T10:09:39.494+02:00  INFO 22684 --- [ecommerce] [main] r$InitializeUserDetailsManagerConfigurer : Global AuthenticationManager configured with UserDetailsService bean with name customUserDetailService
2026-02-16T10:09:40.189+02:00  WARN 22684 --- [ecommerce] [main] JpaBaseConfiguration$JpaWebConfiguration : spring.jpa.open-in-view is enabled by default. Therefore, database queries may be performed during view rendering. Explicitly configure spring.jpa.open-in-view to disable this warning
2026-02-16T10:09:41.350+02:00  INFO 22684 --- [ecommerce] [main] efaultSchemaResourceGraphQlSourceBuilder : Loaded 1 resource(s) in the GraphQL schema.
2026-02-16T10:09:41.671+02:00  INFO 22684 --- [ecommerce] [main] o.s.b.g.a.GraphQlAutoConfiguration       : GraphQL schema inspection:
	Unmapped fields: {OrderPageDTO=[products, totalElements, totalPages, page], CheckoutResponse=[clientSecret, paymentIntentId, amount]}
	Unmapped registrations: {}
	Unmapped arguments: {}
	Field nullness errors: {}
	Argument nullness errors: {}
	Skipped types: []
2026-02-16T10:09:41.707+02:00  INFO 22684 --- [ecommerce] [main] s.b.g.a.s.GraphQlWebMvcAutoConfiguration : GraphQL endpoint HTTP POST /graphql
2026-02-16T10:09:42.431+02:00  INFO 22684 --- [ecommerce] [main] o.s.b.a.e.web.EndpointLinksResolver      : Exposing 4 endpoints beneath base path '/actuator'
2026-02-16T10:09:42.534+02:00  INFO 22684 --- [ecommerce] [main] o.s.boot.tomcat.TomcatWebServer          : Tomcat started on port 8080 (http) with context path '/'
2026-02-16T10:09:42.549+02:00  INFO 22684 --- [ecommerce] [main] c.smart.ecommerce.EcommerceApplication   : Started EcommerceApplication in 15.488 seconds (process running for 16.537)
2026-02-16T10:09:42.559+02:00  WARN 22684 --- [ecommerce] [main] o.s.core.events.SpringDocAppInitializer  : SpringDoc /v3/api-docs endpoint is enabled by default. To disable it in production, set the property 'springdoc.api-docs.enabled=false'
2026-02-16T10:09:42.560+02:00  WARN 22684 --- [ecommerce] [main] o.s.core.events.SpringDocAppInitializer  : SpringDoc /swagger-ui.html endpoint is enabled by default. To disable it in production, set the property 'springdoc.swagger-ui.enabled=false'
2026-02-16T10:46:54.122+02:00  INFO 22684 --- [ecommerce] [http-nio-8080-exec-38] o.a.c.c.C.[Tomcat].[localhost].[/]       : Initializing Spring DispatcherServlet 'dispatcherServlet'
2026-02-16T10:46:54.124+02:00  INFO 22684 --- [ecommerce] [http-nio-8080-exec-38] o.s.web.servlet.DispatcherServlet        : Initializing Servlet 'dispatcherServlet'
2026-02-16T10:46:54.130+02:00  INFO 22684 --- [ecommerce] [http-nio-8080-exec-38] o.s.web.servlet.DispatcherServlet        : Completed initialization in 5 ms
2026-02-16T10:47:29.504+02:00  INFO 22684 --- [ecommerce] [http-nio-8080-exec-34] c.s.e.config.SecurityEventListener       : LOGIN SUCCESS: user=100199801915669019837 ip=0:0:0:0:0:0:0:1
2026-02-16T11:17:48.392+02:00  INFO 22684 --- [ecommerce] [SpringApplicationShutdownHook] o.s.boot.tomcat.GracefulShutdown         : Commencing graceful shutdown. Waiting for active requests to complete
2026-02-16T11:17:48.400+02:00  INFO 22684 --- [ecommerce] [tomcat-shutdown] o.s.boot.tomcat.GracefulShutdown         : Graceful shutdown complete
2026-02-16T11:17:48.413+02:00  INFO 22684 --- [ecommerce] [SpringApplicationShutdownHook] j.LocalContainerEntityManagerFactoryBean : Closing JPA EntityManagerFactory for persistence unit 'default'
2026-02-16T11:17:48.416+02:00  INFO 22684 --- [ecommerce] [SpringApplicationShutdownHook] com.zaxxer.hikari.HikariDataSource       : HikariPool-1 - Shutdown initiated...
2026-02-16T11:17:48.417+02:00  INFO 22684 --- [ecommerce] [SpringApplicationShutdownHook] com.zaxxer.hikari.HikariDataSource       : HikariPool-1 - Shutdown completed.
2026-02-16T11:18:23.278+02:00  INFO 4716 --- [ecommerce] [main] c.smart.ecommerce.EcommerceApplication   : Starting EcommerceApplication using Java 25.0.1 with PID 4716 (D:\Amalitech Courses\Spring Web Fundamentals\ecommerce\ecommerce\target\classes started by Amalitech in D:\Amalitech Courses\Spring Web Fundamentals\ecommerce\ecommerce)
2026-02-16T11:18:23.284+02:00  INFO 4716 --- [ecommerce] [main] c.smart.ecommerce.EcommerceApplication   : The following 1 profile is active: "dev"
2026-02-16T11:18:24.654+02:00  INFO 4716 --- [ecommerce] [main] .s.d.r.c.RepositoryConfigurationDelegate : Multiple Spring Data modules found, entering strict repository configuration mode
2026-02-16T11:18:24.655+02:00  INFO 4716 --- [ecommerce] [main] .s.d.r.c.RepositoryConfigurationDelegate : Bootstrapping Spring Data JPA repositories in DEFAULT mode.
2026-02-16T11:18:24.799+02:00  INFO 4716 --- [ecommerce] [main] .RepositoryConfigurationExtensionSupport : Spring Data JPA - Could not safely identify store assignment for repository candidate interface com.smart.ecommerce.repository.ReviewRepository; If you want this repository to be a JPA repository, consider annotating your entities with one of these annotations: jakarta.persistence.Entity, jakarta.persistence.MappedSuperclass (preferred), or consider extending one of the following types with your repository: org.springframework.data.jpa.repository.JpaRepository
2026-02-16T11:18:24.831+02:00  INFO 4716 --- [ecommerce] [main] .s.d.r.c.RepositoryConfigurationDelegate : Finished Spring Data repository scanning in 166 ms. Found 8 JPA repository interfaces.
2026-02-16T11:18:24.869+02:00  INFO 4716 --- [ecommerce] [main] .s.d.r.c.RepositoryConfigurationDelegate : Multiple Spring Data modules found, entering strict repository configuration mode
2026-02-16T11:18:24.870+02:00  INFO 4716 --- [ecommerce] [main] .s.d.r.c.RepositoryConfigurationDelegate : Bootstrapping Spring Data MongoDB repositories in DEFAULT mode.
2026-02-16T11:18:24.883+02:00  INFO 4716 --- [ecommerce] [main] .RepositoryConfigurationExtensionSupport : Spring Data MongoDB - Could not safely identify store assignment for repository candidate interface com.smart.ecommerce.repository.CartItemRepository; If you want this repository to be a MongoDB repository, consider annotating your entities with one of these annotations: org.springframework.data.mongodb.core.mapping.Document (preferred), or consider extending one of the following types with your repository: org.springframework.data.mongodb.repository.MongoRepository
2026-02-16T11:18:24.883+02:00  INFO 4716 --- [ecommerce] [main] .RepositoryConfigurationExtensionSupport : Spring Data MongoDB - Could not safely identify store assignment for repository candidate interface com.smart.ecommerce.repository.CartRepository; If you want this repository to be a MongoDB repository, consider annotating your entities with one of these annotations: org.springframework.data.mongodb.core.mapping.Document (preferred), or consider extending one of the following types with your repository: org.springframework.data.mongodb.repository.MongoRepository
2026-02-16T11:18:24.883+02:00  INFO 4716 --- [ecommerce] [main] .RepositoryConfigurationExtensionSupport : Spring Data MongoDB - Could not safely identify store assignment for repository candidate interface com.smart.ecommerce.repository.CategoryRepository; If you want this repository to be a MongoDB repository, consider annotating your entities with one of these annotations: org.springframework.data.mongodb.core.mapping.Document (preferred), or consider extending one of the following types with your repository: org.springframework.data.mongodb.repository.MongoRepository
2026-02-16T11:18:24.883+02:00  INFO 4716 --- [ecommerce] [main] .RepositoryConfigurationExtensionSupport : Spring Data MongoDB - Could not safely identify store assignment for repository candidate interface com.smart.ecommerce.repository.InventoryRepository; If you want this repository to be a MongoDB repository, consider annotating your entities with one of these annotations: org.springframework.data.mongodb.core.mapping.Document (preferred), or consider extending one of the following types with your repository: org.springframework.data.mongodb.repository.MongoRepository
2026-02-16T11:18:24.884+02:00  INFO 4716 --- [ecommerce] [main] .RepositoryConfigurationExtensionSupport : Spring Data MongoDB - Could not safely identify store assignment for repository candidate interface com.smart.ecommerce.repository.OrderItemRepository; If you want this repository to be a MongoDB repository, consider annotating your entities with one of these annotations: org.springframework.data.mongodb.core.mapping.Document (preferred), or consider extending one of the following types with your repository: org.springframework.data.mongodb.repository.MongoRepository
2026-02-16T11:18:24.884+02:00  INFO 4716 --- [ecommerce] [main] .RepositoryConfigurationExtensionSupport : Spring Data MongoDB - Could not safely identify store assignment for repository candidate interface com.smart.ecommerce.repository.OrderRepository; If you want this repository to be a MongoDB repository, consider annotating your entities with one of these annotations: org.springframework.data.mongodb.core.mapping.Document (preferred), or consider extending one of the following types with your repository: org.springframework.data.mongodb.repository.MongoRepository
2026-02-16T11:18:24.884+02:00  INFO 4716 --- [ecommerce] [main] .RepositoryConfigurationExtensionSupport : Spring Data MongoDB - Could not safely identify store assignment for repository candidate interface com.smart.ecommerce.repository.ProductRepository; If you want this repository to be a MongoDB repository, consider annotating your entities with one of these annotations: org.springframework.data.mongodb.core.mapping.Document (preferred), or consider extending one of the following types with your repository: org.springframework.data.mongodb.repository.MongoRepository
2026-02-16T11:18:24.885+02:00  INFO 4716 --- [ecommerce] [main] .RepositoryConfigurationExtensionSupport : Spring Data MongoDB - Could not safely identify store assignment for repository candidate interface com.smart.ecommerce.repository.UserRepository; If you want this repository to be a MongoDB repository, consider annotating your entities with one of these annotations: org.springframework.data.mongodb.core.mapping.Document (preferred), or consider extending one of the following types with your repository: org.springframework.data.mongodb.repository.MongoRepository
2026-02-16T11:18:24.893+02:00  INFO 4716 --- [ecommerce] [main] .s.d.r.c.RepositoryConfigurationDelegate : Finished Spring Data repository scanning in 21 ms. Found 1 MongoDB repository interface.
2026-02-16T11:18:25.918+02:00  INFO 4716 --- [ecommerce] [main] o.s.boot.tomcat.TomcatWebServer          : Tomcat initialized with port 8080 (http)
2026-02-16T11:18:25.933+02:00  INFO 4716 --- [ecommerce] [main] o.apache.catalina.core.StandardService   : Starting service [Tomcat]
2026-02-16T11:18:25.933+02:00  INFO 4716 --- [ecommerce] [main] o.apache.catalina.core.StandardEngine    : Starting Servlet engine: [Apache Tomcat/11.0.15]
2026-02-16T11:18:26.013+02:00  INFO 4716 --- [ecommerce] [main] b.w.c.s.WebApplicationContextInitializer : Root WebApplicationContext: initialization completed in 2663 ms
2026-02-16T11:18:26.415+02:00  INFO 4716 --- [ecommerce] [main] org.hibernate.orm.jpa                    : HHH008540: Processing PersistenceUnitInfo [name: default]
2026-02-16T11:18:26.465+02:00  INFO 4716 --- [ecommerce] [main] org.hibernate.orm.core                   : HHH000001: Hibernate ORM core version 7.2.0.Final
2026-02-16T11:18:26.899+02:00  INFO 4716 --- [ecommerce] [main] o.s.o.j.p.SpringPersistenceUnitInfo      : No LoadTimeWeaver setup: ignoring JPA class transformer
2026-02-16T11:18:26.928+02:00  INFO 4716 --- [ecommerce] [main] com.zaxxer.hikari.HikariDataSource       : HikariPool-1 - Starting...
2026-02-16T11:18:27.111+02:00  INFO 4716 --- [ecommerce] [main] com.zaxxer.hikari.pool.HikariPool        : HikariPool-1 - Added connection org.postgresql.jdbc.PgConnection@52518ee1
2026-02-16T11:18:27.113+02:00  INFO 4716 --- [ecommerce] [main] com.zaxxer.hikari.HikariDataSource       : HikariPool-1 - Start completed.
2026-02-16T11:18:27.147+02:00  WARN 4716 --- [ecommerce] [main] org.hibernate.orm.deprecation            : HHH90000025: PostgreSQLDialect does not need to be specified explicitly using 'hibernate.dialect' (remove the property setting and it will be selected by default)
2026-02-16T11:18:27.175+02:00  INFO 4716 --- [ecommerce] [main] org.hibernate.orm.connections.pooling    : HHH10001005: Database info:
	Database JDBC URL [jdbc:postgresql://localhost:5432/e_commerce_db]
	Database driver: PostgreSQL JDBC Driver
	Database dialect: PostgreSQLDialect
	Database version: 18.1
	Default catalog/schema: e_commerce_db/public
	Autocommit mode: undefined/unknown
	Isolation level: READ_COMMITTED [default READ_COMMITTED]
	JDBC fetch size: none
	Pool: DataSourceConnectionProvider
	Minimum pool size: undefined/unknown
	Maximum pool size: undefined/unknown
2026-02-16T11:18:28.197+02:00  INFO 4716 --- [ecommerce] [main] org.hibernate.orm.core                   : HHH000489: No JTA platform available (set 'hibernate.transaction.jta.platform' to enable JTA platform integration)
2026-02-16T11:18:28.272+02:00  INFO 4716 --- [ecommerce] [main] j.LocalContainerEntityManagerFactoryBean : Initialized JPA EntityManagerFactory for persistence unit 'default'
2026-02-16T11:18:28.445+02:00  INFO 4716 --- [ecommerce] [main] o.s.d.j.r.query.QueryEnhancerFactories   : Hibernate is in classpath; If applicable, HQL parser will be used.
2026-02-16T11:18:30.004+02:00  INFO 4716 --- [ecommerce] [main] org.mongodb.driver.client                : MongoClient with metadata {"driver": {"name": "mongo-java-driver|spring-boot|sync", "version": "5.6.2"}, "os": {"type": "Windows", "name": "Windows 11", "architecture": "amd64", "version": "10.0"}, "platform": "Java/Oracle Corporation/25.0.1+8-27"} created with settings MongoClientSettings{readPreference=primary, writeConcern=WriteConcern{w=null, wTimeout=null ms, journal=null}, retryWrites=true, retryReads=true, readConcern=ReadConcern{level=null}, credential=null, transportSettings=null, commandListeners=[io.micrometer.core.instrument.binder.mongodb.MongoMetricsCommandListener@18ae3583], codecRegistry=ProvidersCodecRegistry{codecProviders=[ValueCodecProvider{}, BsonValueCodecProvider{}, DBRefCodecProvider{}, DBObjectCodecProvider{}, DocumentCodecProvider{}, CollectionCodecProvider{}, IterableCodecProvider{}, MapCodecProvider{}, GeoJsonCodecProvider{}, GridFSFileCodecProvider{}, Jsr310CodecProvider{}, JsonObjectCodecProvider{}, BsonCodecProvider{}, com.mongodb.client.model.mql.ExpressionCodecProvider@1391204c, com.mongodb.Jep395RecordCodecProvider@2be6103f, com.mongodb.KotlinCodecProvider@986deaf, EnumCodecProvider{}]}, loggerSettings=LoggerSettings{maxDocumentLength=1000}, clusterSettings={hosts=[localhost:27017], srvServiceName=mongodb, mode=SINGLE, requiredClusterType=UNKNOWN, requiredReplicaSetName='null', serverSelector='null', clusterListeners='[]', serverSelectionTimeout='30000 ms', localThreshold='15 ms'}, socketSettings=SocketSettings{connectTimeoutMS=10000, readTimeoutMS=0, receiveBufferSize=0, proxySettings=ProxySettings{host=null, port=null, username=null, password=null}}, heartbeatSocketSettings=SocketSettings{connectTimeoutMS=10000, readTimeoutMS=10000, receiveBufferSize=0, proxySettings=ProxySettings{host=null, port=null, username=null, password=null}}, connectionPoolSettings=ConnectionPoolSettings{maxSize=100, minSize=0, maxWaitTimeMS=120000, maxConnectionLifeTimeMS=0, maxConnectionIdleTimeMS=0, maintenanceInitialDelayMS=0, maintenanceFrequencyMS=60000, connectionPoolListeners=[io.micrometer.core.instrument.binder.mongodb.MongoMetricsConnectionPoolListener@554bb231], maxConnecting=2}, serverSettings=ServerSettings{heartbeatFrequencyMS=10000, minHeartbeatFrequencyMS=500, serverMonitoringMode=AUTO, serverListeners='[]', serverMonitorListeners='[]'}, sslSettings=SslSettings{enabled=false, invalidHostNameAllowed=false, context=null}, applicationName='null', compressorList=[], uuidRepresentation=UNSPECIFIED, serverApi=null, autoEncryptionSettings=null, dnsClient=null, inetAddressResolver=null, contextProvider=null, timeoutMS=null}
2026-02-16T11:18:30.020+02:00  INFO 4716 --- [ecommerce] [cluster-ClusterId{value='6992e0e5d22663128ab97292', description='null'}-localhost:27017] org.mongodb.driver.cluster               : Monitor thread successfully connected to server with description ServerDescription{address=localhost:27017, type=STANDALONE, cryptd=false, state=CONNECTED, ok=true, minWireVersion=0, maxWireVersion=27, maxDocumentSize=16777216, logicalSessionTimeoutMinutes=30, roundTripTimeNanos=25708500, minRoundTripTimeNanos=0}
2026-02-16T11:18:30.428+02:00  INFO 4716 --- [ecommerce] [main] r$InitializeUserDetailsManagerConfigurer : Global AuthenticationManager configured with UserDetailsService bean with name customUserDetailService
2026-02-16T11:18:30.919+02:00  WARN 4716 --- [ecommerce] [main] JpaBaseConfiguration$JpaWebConfiguration : spring.jpa.open-in-view is enabled by default. Therefore, database queries may be performed during view rendering. Explicitly configure spring.jpa.open-in-view to disable this warning
2026-02-16T11:18:31.921+02:00  INFO 4716 --- [ecommerce] [main] efaultSchemaResourceGraphQlSourceBuilder : Loaded 1 resource(s) in the GraphQL schema.
2026-02-16T11:18:32.132+02:00  INFO 4716 --- [ecommerce] [main] o.s.b.g.a.GraphQlAutoConfiguration       : GraphQL schema inspection:
	Unmapped fields: {OrderPageDTO=[products, totalElements, totalPages, page], CheckoutResponse=[clientSecret, paymentIntentId, amount]}
	Unmapped registrations: {}
	Unmapped arguments: {}
	Field nullness errors: {}
	Argument nullness errors: {}
	Skipped types: []
2026-02-16T11:18:32.160+02:00  INFO 4716 --- [ecommerce] [main] s.b.g.a.s.GraphQlWebMvcAutoConfiguration : GraphQL endpoint HTTP POST /graphql
2026-02-16T11:18:32.804+02:00  INFO 4716 --- [ecommerce] [main] o.s.b.a.e.web.EndpointLinksResolver      : Exposing 4 endpoints beneath base path '/actuator'
2026-02-16T11:18:32.902+02:00  INFO 4716 --- [ecommerce] [main] o.s.boot.tomcat.TomcatWebServer          : Tomcat started on port 8080 (http) with context path '/'
2026-02-16T11:18:32.916+02:00  INFO 4716 --- [ecommerce] [main] c.smart.ecommerce.EcommerceApplication   : Started EcommerceApplication in 10.182 seconds (process running for 10.751)
2026-02-16T11:18:33.008+02:00  WARN 4716 --- [ecommerce] [main] o.s.core.events.SpringDocAppInitializer  : SpringDoc /v3/api-docs endpoint is enabled by default. To disable it in production, set the property 'springdoc.api-docs.enabled=false'
2026-02-16T11:18:33.008+02:00  WARN 4716 --- [ecommerce] [main] o.s.core.events.SpringDocAppInitializer  : SpringDoc /swagger-ui.html endpoint is enabled by default. To disable it in production, set the property 'springdoc.swagger-ui.enabled=false'
2026-02-16T11:19:41.267+02:00  INFO 4716 --- [ecommerce] [http-nio-8080-exec-1] o.a.c.c.C.[Tomcat].[localhost].[/]       : Initializing Spring DispatcherServlet 'dispatcherServlet'
2026-02-16T11:19:41.268+02:00  INFO 4716 --- [ecommerce] [http-nio-8080-exec-1] o.s.web.servlet.DispatcherServlet        : Initializing Servlet 'dispatcherServlet'
2026-02-16T11:19:41.270+02:00  INFO 4716 --- [ecommerce] [http-nio-8080-exec-1] o.s.web.servlet.DispatcherServlet        : Completed initialization in 2 ms
2026-02-16T11:20:10.847+02:00  INFO 4716 --- [ecommerce] [http-nio-8080-exec-4] c.s.e.config.SecurityEventListener       : LOGIN SUCCESS: user=legendbonheur@gmail.com ip=0:0:0:0:0:0:0:1
2026-02-16T11:21:02.076+02:00  INFO 4716 --- [ecommerce] [http-nio-8080-exec-5] c.s.e.config.SecurityEventListener       : LOGIN SUCCESS: user=legendbonheur@gmail.com ip=0:0:0:0:0:0:0:1
2026-02-16T11:21:02.100+02:00  INFO 4716 --- [ecommerce] [http-nio-8080-exec-7] c.s.e.config.SecurityEventListener       : LOGIN SUCCESS: user=legendbonheur@gmail.com ip=0:0:0:0:0:0:0:1
2026-02-16T11:21:02.113+02:00  INFO 4716 --- [ecommerce] [http-nio-8080-exec-9] c.s.e.config.SecurityEventListener       : LOGIN SUCCESS: user=legendbonheur@gmail.com ip=0:0:0:0:0:0:0:1
2026-02-16T11:21:07.600+02:00  INFO 4716 --- [ecommerce] [http-nio-8080-exec-10] c.s.e.config.SecurityEventListener       : LOGIN SUCCESS: user=legendbonheur@gmail.com ip=0:0:0:0:0:0:0:1
2026-02-16T11:21:13.127+02:00  INFO 4716 --- [ecommerce] [http-nio-8080-exec-2] c.s.e.config.SecurityEventListener       : LOGIN SUCCESS: user=legendbonheur@gmail.com ip=0:0:0:0:0:0:0:1
2026-02-16T11:33:35.131+02:00  INFO 4716 --- [ecommerce] [http-nio-8080-exec-10] c.s.e.config.SecurityEventListener       : LOGIN SUCCESS: user=legendbonheur@gmail.com ip=0:0:0:0:0:0:0:1
2026-02-16T11:34:33.494+02:00  INFO 4716 --- [ecommerce] [SpringApplicationShutdownHook] o.s.boot.tomcat.GracefulShutdown         : Commencing graceful shutdown. Waiting for active requests to complete
2026-02-16T11:34:33.503+02:00  INFO 4716 --- [ecommerce] [tomcat-shutdown] o.s.boot.tomcat.GracefulShutdown         : Graceful shutdown complete
2026-02-16T11:34:33.519+02:00  INFO 4716 --- [ecommerce] [SpringApplicationShutdownHook] j.LocalContainerEntityManagerFactoryBean : Closing JPA EntityManagerFactory for persistence unit 'default'
2026-02-16T11:34:33.521+02:00  INFO 4716 --- [ecommerce] [SpringApplicationShutdownHook] com.zaxxer.hikari.HikariDataSource       : HikariPool-1 - Shutdown initiated...
2026-02-16T11:34:33.523+02:00  INFO 4716 --- [ecommerce] [SpringApplicationShutdownHook] com.zaxxer.hikari.HikariDataSource       : HikariPool-1 - Shutdown completed.
2026-02-16T11:34:38.309+02:00  INFO 17484 --- [ecommerce] [main] c.smart.ecommerce.EcommerceApplication   : Starting EcommerceApplication using Java 25.0.1 with PID 17484 (D:\Amalitech Courses\Spring Web Fundamentals\ecommerce\ecommerce\target\classes started by Amalitech in D:\Amalitech Courses\Spring Web Fundamentals\ecommerce\ecommerce)
2026-02-16T11:34:38.313+02:00  INFO 17484 --- [ecommerce] [main] c.smart.ecommerce.EcommerceApplication   : The following 1 profile is active: "dev"
2026-02-16T11:34:39.633+02:00  INFO 17484 --- [ecommerce] [main] .s.d.r.c.RepositoryConfigurationDelegate : Multiple Spring Data modules found, entering strict repository configuration mode
2026-02-16T11:34:39.636+02:00  INFO 17484 --- [ecommerce] [main] .s.d.r.c.RepositoryConfigurationDelegate : Bootstrapping Spring Data JPA repositories in DEFAULT mode.
2026-02-16T11:34:39.775+02:00  INFO 17484 --- [ecommerce] [main] .RepositoryConfigurationExtensionSupport : Spring Data JPA - Could not safely identify store assignment for repository candidate interface com.smart.ecommerce.repository.ReviewRepository; If you want this repository to be a JPA repository, consider annotating your entities with one of these annotations: jakarta.persistence.Entity, jakarta.persistence.MappedSuperclass (preferred), or consider extending one of the following types with your repository: org.springframework.data.jpa.repository.JpaRepository
2026-02-16T11:34:39.806+02:00  INFO 17484 --- [ecommerce] [main] .s.d.r.c.RepositoryConfigurationDelegate : Finished Spring Data repository scanning in 159 ms. Found 8 JPA repository interfaces.
2026-02-16T11:34:39.853+02:00  INFO 17484 --- [ecommerce] [main] .s.d.r.c.RepositoryConfigurationDelegate : Multiple Spring Data modules found, entering strict repository configuration mode
2026-02-16T11:34:39.854+02:00  INFO 17484 --- [ecommerce] [main] .s.d.r.c.RepositoryConfigurationDelegate : Bootstrapping Spring Data MongoDB repositories in DEFAULT mode.
2026-02-16T11:34:39.863+02:00  INFO 17484 --- [ecommerce] [main] .RepositoryConfigurationExtensionSupport : Spring Data MongoDB - Could not safely identify store assignment for repository candidate interface com.smart.ecommerce.repository.CartItemRepository; If you want this repository to be a MongoDB repository, consider annotating your entities with one of these annotations: org.springframework.data.mongodb.core.mapping.Document (preferred), or consider extending one of the following types with your repository: org.springframework.data.mongodb.repository.MongoRepository
2026-02-16T11:34:39.863+02:00  INFO 17484 --- [ecommerce] [main] .RepositoryConfigurationExtensionSupport : Spring Data MongoDB - Could not safely identify store assignment for repository candidate interface com.smart.ecommerce.repository.CartRepository; If you want this repository to be a MongoDB repository, consider annotating your entities with one of these annotations: org.springframework.data.mongodb.core.mapping.Document (preferred), or consider extending one of the following types with your repository: org.springframework.data.mongodb.repository.MongoRepository
2026-02-16T11:34:39.863+02:00  INFO 17484 --- [ecommerce] [main] .RepositoryConfigurationExtensionSupport : Spring Data MongoDB - Could not safely identify store assignment for repository candidate interface com.smart.ecommerce.repository.CategoryRepository; If you want this repository to be a MongoDB repository, consider annotating your entities with one of these annotations: org.springframework.data.mongodb.core.mapping.Document (preferred), or consider extending one of the following types with your repository: org.springframework.data.mongodb.repository.MongoRepository
2026-02-16T11:34:39.864+02:00  INFO 17484 --- [ecommerce] [main] .RepositoryConfigurationExtensionSupport : Spring Data MongoDB - Could not safely identify store assignment for repository candidate interface com.smart.ecommerce.repository.InventoryRepository; If you want this repository to be a MongoDB repository, consider annotating your entities with one of these annotations: org.springframework.data.mongodb.core.mapping.Document (preferred), or consider extending one of the following types with your repository: org.springframework.data.mongodb.repository.MongoRepository
2026-02-16T11:34:39.864+02:00  INFO 17484 --- [ecommerce] [main] .RepositoryConfigurationExtensionSupport : Spring Data MongoDB - Could not safely identify store assignment for repository candidate interface com.smart.ecommerce.repository.OrderItemRepository; If you want this repository to be a MongoDB repository, consider annotating your entities with one of these annotations: org.springframework.data.mongodb.core.mapping.Document (preferred), or consider extending one of the following types with your repository: org.springframework.data.mongodb.repository.MongoRepository
2026-02-16T11:34:39.864+02:00  INFO 17484 --- [ecommerce] [main] .RepositoryConfigurationExtensionSupport : Spring Data MongoDB - Could not safely identify store assignment for repository candidate interface com.smart.ecommerce.repository.OrderRepository; If you want this repository to be a MongoDB repository, consider annotating your entities with one of these annotations: org.springframework.data.mongodb.core.mapping.Document (preferred), or consider extending one of the following types with your repository: org.springframework.data.mongodb.repository.MongoRepository
2026-02-16T11:34:39.864+02:00  INFO 17484 --- [ecommerce] [main] .RepositoryConfigurationExtensionSupport : Spring Data MongoDB - Could not safely identify store assignment for repository candidate interface com.smart.ecommerce.repository.ProductRepository; If you want this repository to be a MongoDB repository, consider annotating your entities with one of these annotations: org.springframework.data.mongodb.core.mapping.Document (preferred), or consider extending one of the following types with your repository: org.springframework.data.mongodb.repository.MongoRepository
2026-02-16T11:34:39.864+02:00  INFO 17484 --- [ecommerce] [main] .RepositoryConfigurationExtensionSupport : Spring Data MongoDB - Could not safely identify store assignment for repository candidate interface com.smart.ecommerce.repository.UserRepository; If you want this repository to be a MongoDB repository, consider annotating your entities with one of these annotations: org.springframework.data.mongodb.core.mapping.Document (preferred), or consider extending one of the following types with your repository: org.springframework.data.mongodb.repository.MongoRepository
2026-02-16T11:34:39.870+02:00  INFO 17484 --- [ecommerce] [main] .s.d.r.c.RepositoryConfigurationDelegate : Finished Spring Data repository scanning in 15 ms. Found 1 MongoDB repository interface.
2026-02-16T11:34:40.902+02:00  INFO 17484 --- [ecommerce] [main] o.s.boot.tomcat.TomcatWebServer          : Tomcat initialized with port 8080 (http)
2026-02-16T11:34:40.919+02:00  INFO 17484 --- [ecommerce] [main] o.apache.catalina.core.StandardService   : Starting service [Tomcat]
2026-02-16T11:34:40.919+02:00  INFO 17484 --- [ecommerce] [main] o.apache.catalina.core.StandardEngine    : Starting Servlet engine: [Apache Tomcat/11.0.15]
2026-02-16T11:34:40.999+02:00  INFO 17484 --- [ecommerce] [main] b.w.c.s.WebApplicationContextInitializer : Root WebApplicationContext: initialization completed in 2618 ms
2026-02-16T11:34:41.387+02:00  INFO 17484 --- [ecommerce] [main] org.hibernate.orm.jpa                    : HHH008540: Processing PersistenceUnitInfo [name: default]
2026-02-16T11:34:41.435+02:00  INFO 17484 --- [ecommerce] [main] org.hibernate.orm.core                   : HHH000001: Hibernate ORM core version 7.2.0.Final
2026-02-16T11:34:41.856+02:00  INFO 17484 --- [ecommerce] [main] o.s.o.j.p.SpringPersistenceUnitInfo      : No LoadTimeWeaver setup: ignoring JPA class transformer
2026-02-16T11:34:41.885+02:00  INFO 17484 --- [ecommerce] [main] com.zaxxer.hikari.HikariDataSource       : HikariPool-1 - Starting...
2026-02-16T11:34:42.065+02:00  INFO 17484 --- [ecommerce] [main] com.zaxxer.hikari.pool.HikariPool        : HikariPool-1 - Added connection org.postgresql.jdbc.PgConnection@69c335c4
2026-02-16T11:34:42.066+02:00  INFO 17484 --- [ecommerce] [main] com.zaxxer.hikari.HikariDataSource       : HikariPool-1 - Start completed.
2026-02-16T11:34:42.096+02:00  WARN 17484 --- [ecommerce] [main] org.hibernate.orm.deprecation            : HHH90000025: PostgreSQLDialect does not need to be specified explicitly using 'hibernate.dialect' (remove the property setting and it will be selected by default)
2026-02-16T11:34:42.120+02:00  INFO 17484 --- [ecommerce] [main] org.hibernate.orm.connections.pooling    : HHH10001005: Database info:
	Database JDBC URL [jdbc:postgresql://localhost:5432/e_commerce_db]
	Database driver: PostgreSQL JDBC Driver
	Database dialect: PostgreSQLDialect
	Database version: 18.1
	Default catalog/schema: e_commerce_db/public
	Autocommit mode: undefined/unknown
	Isolation level: READ_COMMITTED [default READ_COMMITTED]
	JDBC fetch size: none
	Pool: DataSourceConnectionProvider
	Minimum pool size: undefined/unknown
	Maximum pool size: undefined/unknown
2026-02-16T11:34:43.235+02:00  INFO 17484 --- [ecommerce] [main] org.hibernate.orm.core                   : HHH000489: No JTA platform available (set 'hibernate.transaction.jta.platform' to enable JTA platform integration)
2026-02-16T11:34:43.309+02:00  INFO 17484 --- [ecommerce] [main] j.LocalContainerEntityManagerFactoryBean : Initialized JPA EntityManagerFactory for persistence unit 'default'
2026-02-16T11:34:43.468+02:00  INFO 17484 --- [ecommerce] [main] o.s.d.j.r.query.QueryEnhancerFactories   : Hibernate is in classpath; If applicable, HQL parser will be used.
2026-02-16T11:34:44.753+02:00  INFO 17484 --- [ecommerce] [main] org.mongodb.driver.client                : MongoClient with metadata {"driver": {"name": "mongo-java-driver|spring-boot|sync", "version": "5.6.2"}, "os": {"type": "Windows", "name": "Windows 11", "architecture": "amd64", "version": "10.0"}, "platform": "Java/Oracle Corporation/25.0.1+8-27"} created with settings MongoClientSettings{readPreference=primary, writeConcern=WriteConcern{w=null, wTimeout=null ms, journal=null}, retryWrites=true, retryReads=true, readConcern=ReadConcern{level=null}, credential=null, transportSettings=null, commandListeners=[io.micrometer.core.instrument.binder.mongodb.MongoMetricsCommandListener@6d61cfe4], codecRegistry=ProvidersCodecRegistry{codecProviders=[ValueCodecProvider{}, BsonValueCodecProvider{}, DBRefCodecProvider{}, DBObjectCodecProvider{}, DocumentCodecProvider{}, CollectionCodecProvider{}, IterableCodecProvider{}, MapCodecProvider{}, GeoJsonCodecProvider{}, GridFSFileCodecProvider{}, Jsr310CodecProvider{}, JsonObjectCodecProvider{}, BsonCodecProvider{}, com.mongodb.client.model.mql.ExpressionCodecProvider@4ba1ccaf, com.mongodb.Jep395RecordCodecProvider@2495bc30, com.mongodb.KotlinCodecProvider@12bc9450, EnumCodecProvider{}]}, loggerSettings=LoggerSettings{maxDocumentLength=1000}, clusterSettings={hosts=[localhost:27017], srvServiceName=mongodb, mode=SINGLE, requiredClusterType=UNKNOWN, requiredReplicaSetName='null', serverSelector='null', clusterListeners='[]', serverSelectionTimeout='30000 ms', localThreshold='15 ms'}, socketSettings=SocketSettings{connectTimeoutMS=10000, readTimeoutMS=0, receiveBufferSize=0, proxySettings=ProxySettings{host=null, port=null, username=null, password=null}}, heartbeatSocketSettings=SocketSettings{connectTimeoutMS=10000, readTimeoutMS=10000, receiveBufferSize=0, proxySettings=ProxySettings{host=null, port=null, username=null, password=null}}, connectionPoolSettings=ConnectionPoolSettings{maxSize=100, minSize=0, maxWaitTimeMS=120000, maxConnectionLifeTimeMS=0, maxConnectionIdleTimeMS=0, maintenanceInitialDelayMS=0, maintenanceFrequencyMS=60000, connectionPoolListeners=[io.micrometer.core.instrument.binder.mongodb.MongoMetricsConnectionPoolListener@2f6a923d], maxConnecting=2}, serverSettings=ServerSettings{heartbeatFrequencyMS=10000, minHeartbeatFrequencyMS=500, serverMonitoringMode=AUTO, serverListeners='[]', serverMonitorListeners='[]'}, sslSettings=SslSettings{enabled=false, invalidHostNameAllowed=false, context=null}, applicationName='null', compressorList=[], uuidRepresentation=UNSPECIFIED, serverApi=null, autoEncryptionSettings=null, dnsClient=null, inetAddressResolver=null, contextProvider=null, timeoutMS=null}
2026-02-16T11:34:44.768+02:00  INFO 17484 --- [ecommerce] [cluster-ClusterId{value='6992e4b4ac3a7c00e115ed5d', description='null'}-localhost:27017] org.mongodb.driver.cluster               : Monitor thread successfully connected to server with description ServerDescription{address=localhost:27017, type=STANDALONE, cryptd=false, state=CONNECTED, ok=true, minWireVersion=0, maxWireVersion=27, maxDocumentSize=16777216, logicalSessionTimeoutMinutes=30, roundTripTimeNanos=17398900, minRoundTripTimeNanos=0}
2026-02-16T11:34:45.102+02:00  INFO 17484 --- [ecommerce] [main] r$InitializeUserDetailsManagerConfigurer : Global AuthenticationManager configured with UserDetailsService bean with name customUserDetailService
2026-02-16T11:34:45.487+02:00  WARN 17484 --- [ecommerce] [main] JpaBaseConfiguration$JpaWebConfiguration : spring.jpa.open-in-view is enabled by default. Therefore, database queries may be performed during view rendering. Explicitly configure spring.jpa.open-in-view to disable this warning
2026-02-16T11:34:46.423+02:00  INFO 17484 --- [ecommerce] [main] efaultSchemaResourceGraphQlSourceBuilder : Loaded 1 resource(s) in the GraphQL schema.
2026-02-16T11:34:46.700+02:00  INFO 17484 --- [ecommerce] [main] o.s.b.g.a.GraphQlAutoConfiguration       : GraphQL schema inspection:
	Unmapped fields: {OrderPageDTO=[products, totalElements, totalPages, page], CheckoutResponse=[clientSecret, paymentIntentId, amount]}
	Unmapped registrations: {}
	Unmapped arguments: {}
	Field nullness errors: {}
	Argument nullness errors: {ReviewGraphQLController#reviewsByProduct[4 args]=[int page should be NULLABLE, int size should be NULLABLE]}
	Skipped types: []
2026-02-16T11:34:46.738+02:00  INFO 17484 --- [ecommerce] [main] s.b.g.a.s.GraphQlWebMvcAutoConfiguration : GraphQL endpoint HTTP POST /graphql
2026-02-16T11:34:47.401+02:00  INFO 17484 --- [ecommerce] [main] o.s.b.a.e.web.EndpointLinksResolver      : Exposing 4 endpoints beneath base path '/actuator'
2026-02-16T11:34:47.521+02:00  INFO 17484 --- [ecommerce] [main] o.s.boot.tomcat.TomcatWebServer          : Tomcat started on port 8080 (http) with context path '/'
2026-02-16T11:34:47.539+02:00  INFO 17484 --- [ecommerce] [main] c.smart.ecommerce.EcommerceApplication   : Started EcommerceApplication in 9.724 seconds (process running for 10.305)
2026-02-16T11:34:47.638+02:00  WARN 17484 --- [ecommerce] [main] o.s.core.events.SpringDocAppInitializer  : SpringDoc /v3/api-docs endpoint is enabled by default. To disable it in production, set the property 'springdoc.api-docs.enabled=false'
2026-02-16T11:34:47.638+02:00  WARN 17484 --- [ecommerce] [main] o.s.core.events.SpringDocAppInitializer  : SpringDoc /swagger-ui.html endpoint is enabled by default. To disable it in production, set the property 'springdoc.swagger-ui.enabled=false'
2026-02-16T11:34:56.383+02:00  INFO 17484 --- [ecommerce] [http-nio-8080-exec-1] o.a.c.c.C.[Tomcat].[localhost].[/]       : Initializing Spring DispatcherServlet 'dispatcherServlet'
2026-02-16T11:34:56.384+02:00  INFO 17484 --- [ecommerce] [http-nio-8080-exec-1] o.s.web.servlet.DispatcherServlet        : Initializing Servlet 'dispatcherServlet'
2026-02-16T11:34:56.386+02:00  INFO 17484 --- [ecommerce] [http-nio-8080-exec-1] o.s.web.servlet.DispatcherServlet        : Completed initialization in 2 ms
2026-02-16T11:37:21.406+02:00  INFO 17484 --- [ecommerce] [http-nio-8080-exec-5] c.s.e.config.SecurityEventListener       : LOGIN SUCCESS: user=100199801915669019837 ip=0:0:0:0:0:0:0:1
2026-02-16T11:40:07.228+02:00  INFO 17484 --- [ecommerce] [SpringApplicationShutdownHook] o.s.boot.tomcat.GracefulShutdown         : Commencing graceful shutdown. Waiting for active requests to complete
2026-02-16T11:40:07.235+02:00  INFO 17484 --- [ecommerce] [tomcat-shutdown] o.s.boot.tomcat.GracefulShutdown         : Graceful shutdown complete
2026-02-16T11:40:07.247+02:00  INFO 17484 --- [ecommerce] [SpringApplicationShutdownHook] j.LocalContainerEntityManagerFactoryBean : Closing JPA EntityManagerFactory for persistence unit 'default'
2026-02-16T11:40:07.250+02:00  INFO 17484 --- [ecommerce] [SpringApplicationShutdownHook] com.zaxxer.hikari.HikariDataSource       : HikariPool-1 - Shutdown initiated...
2026-02-16T11:40:07.252+02:00  INFO 17484 --- [ecommerce] [SpringApplicationShutdownHook] com.zaxxer.hikari.HikariDataSource       : HikariPool-1 - Shutdown completed.
2026-02-16T11:40:09.399+02:00  INFO 23060 --- [ecommerce] [main] c.smart.ecommerce.EcommerceApplication   : Starting EcommerceApplication using Java 25.0.1 with PID 23060 (D:\Amalitech Courses\Spring Web Fundamentals\ecommerce\ecommerce\target\classes started by Amalitech in D:\Amalitech Courses\Spring Web Fundamentals\ecommerce\ecommerce)
2026-02-16T11:40:09.402+02:00  INFO 23060 --- [ecommerce] [main] c.smart.ecommerce.EcommerceApplication   : The following 1 profile is active: "dev"
2026-02-16T11:40:10.805+02:00  INFO 23060 --- [ecommerce] [main] .s.d.r.c.RepositoryConfigurationDelegate : Multiple Spring Data modules found, entering strict repository configuration mode
2026-02-16T11:40:10.806+02:00  INFO 23060 --- [ecommerce] [main] .s.d.r.c.RepositoryConfigurationDelegate : Bootstrapping Spring Data JPA repositories in DEFAULT mode.
2026-02-16T11:40:10.965+02:00  INFO 23060 --- [ecommerce] [main] .RepositoryConfigurationExtensionSupport : Spring Data JPA - Could not safely identify store assignment for repository candidate interface com.smart.ecommerce.repository.ReviewRepository; If you want this repository to be a JPA repository, consider annotating your entities with one of these annotations: jakarta.persistence.Entity, jakarta.persistence.MappedSuperclass (preferred), or consider extending one of the following types with your repository: org.springframework.data.jpa.repository.JpaRepository
2026-02-16T11:40:11.002+02:00  INFO 23060 --- [ecommerce] [main] .s.d.r.c.RepositoryConfigurationDelegate : Finished Spring Data repository scanning in 181 ms. Found 8 JPA repository interfaces.
2026-02-16T11:40:11.040+02:00  INFO 23060 --- [ecommerce] [main] .s.d.r.c.RepositoryConfigurationDelegate : Multiple Spring Data modules found, entering strict repository configuration mode
2026-02-16T11:40:11.040+02:00  INFO 23060 --- [ecommerce] [main] .s.d.r.c.RepositoryConfigurationDelegate : Bootstrapping Spring Data MongoDB repositories in DEFAULT mode.
2026-02-16T11:40:11.053+02:00  INFO 23060 --- [ecommerce] [main] .RepositoryConfigurationExtensionSupport : Spring Data MongoDB - Could not safely identify store assignment for repository candidate interface com.smart.ecommerce.repository.CartItemRepository; If you want this repository to be a MongoDB repository, consider annotating your entities with one of these annotations: org.springframework.data.mongodb.core.mapping.Document (preferred), or consider extending one of the following types with your repository: org.springframework.data.mongodb.repository.MongoRepository
2026-02-16T11:40:11.053+02:00  INFO 23060 --- [ecommerce] [main] .RepositoryConfigurationExtensionSupport : Spring Data MongoDB - Could not safely identify store assignment for repository candidate interface com.smart.ecommerce.repository.CartRepository; If you want this repository to be a MongoDB repository, consider annotating your entities with one of these annotations: org.springframework.data.mongodb.core.mapping.Document (preferred), or consider extending one of the following types with your repository: org.springframework.data.mongodb.repository.MongoRepository
2026-02-16T11:40:11.053+02:00  INFO 23060 --- [ecommerce] [main] .RepositoryConfigurationExtensionSupport : Spring Data MongoDB - Could not safely identify store assignment for repository candidate interface com.smart.ecommerce.repository.CategoryRepository; If you want this repository to be a MongoDB repository, consider annotating your entities with one of these annotations: org.springframework.data.mongodb.core.mapping.Document (preferred), or consider extending one of the following types with your repository: org.springframework.data.mongodb.repository.MongoRepository
2026-02-16T11:40:11.054+02:00  INFO 23060 --- [ecommerce] [main] .RepositoryConfigurationExtensionSupport : Spring Data MongoDB - Could not safely identify store assignment for repository candidate interface com.smart.ecommerce.repository.InventoryRepository; If you want this repository to be a MongoDB repository, consider annotating your entities with one of these annotations: org.springframework.data.mongodb.core.mapping.Document (preferred), or consider extending one of the following types with your repository: org.springframework.data.mongodb.repository.MongoRepository
2026-02-16T11:40:11.054+02:00  INFO 23060 --- [ecommerce] [main] .RepositoryConfigurationExtensionSupport : Spring Data MongoDB - Could not safely identify store assignment for repository candidate interface com.smart.ecommerce.repository.OrderItemRepository; If you want this repository to be a MongoDB repository, consider annotating your entities with one of these annotations: org.springframework.data.mongodb.core.mapping.Document (preferred), or consider extending one of the following types with your repository: org.springframework.data.mongodb.repository.MongoRepository
2026-02-16T11:40:11.054+02:00  INFO 23060 --- [ecommerce] [main] .RepositoryConfigurationExtensionSupport : Spring Data MongoDB - Could not safely identify store assignment for repository candidate interface com.smart.ecommerce.repository.OrderRepository; If you want this repository to be a MongoDB repository, consider annotating your entities with one of these annotations: org.springframework.data.mongodb.core.mapping.Document (preferred), or consider extending one of the following types with your repository: org.springframework.data.mongodb.repository.MongoRepository
2026-02-16T11:40:11.054+02:00  INFO 23060 --- [ecommerce] [main] .RepositoryConfigurationExtensionSupport : Spring Data MongoDB - Could not safely identify store assignment for repository candidate interface com.smart.ecommerce.repository.ProductRepository; If you want this repository to be a MongoDB repository, consider annotating your entities with one of these annotations: org.springframework.data.mongodb.core.mapping.Document (preferred), or consider extending one of the following types with your repository: org.springframework.data.mongodb.repository.MongoRepository
2026-02-16T11:40:11.055+02:00  INFO 23060 --- [ecommerce] [main] .RepositoryConfigurationExtensionSupport : Spring Data MongoDB - Could not safely identify store assignment for repository candidate interface com.smart.ecommerce.repository.UserRepository; If you want this repository to be a MongoDB repository, consider annotating your entities with one of these annotations: org.springframework.data.mongodb.core.mapping.Document (preferred), or consider extending one of the following types with your repository: org.springframework.data.mongodb.repository.MongoRepository
2026-02-16T11:40:11.064+02:00  INFO 23060 --- [ecommerce] [main] .s.d.r.c.RepositoryConfigurationDelegate : Finished Spring Data repository scanning in 21 ms. Found 1 MongoDB repository interface.
2026-02-16T11:40:12.349+02:00  INFO 23060 --- [ecommerce] [main] o.s.boot.tomcat.TomcatWebServer          : Tomcat initialized with port 8080 (http)
2026-02-16T11:40:12.368+02:00  INFO 23060 --- [ecommerce] [main] o.apache.catalina.core.StandardService   : Starting service [Tomcat]
2026-02-16T11:40:12.368+02:00  INFO 23060 --- [ecommerce] [main] o.apache.catalina.core.StandardEngine    : Starting Servlet engine: [Apache Tomcat/11.0.15]
2026-02-16T11:40:12.472+02:00  INFO 23060 --- [ecommerce] [main] b.w.c.s.WebApplicationContextInitializer : Root WebApplicationContext: initialization completed in 2996 ms
2026-02-16T11:40:13.095+02:00  INFO 23060 --- [ecommerce] [main] org.hibernate.orm.jpa                    : HHH008540: Processing PersistenceUnitInfo [name: default]
2026-02-16T11:40:13.176+02:00  INFO 23060 --- [ecommerce] [main] org.hibernate.orm.core                   : HHH000001: Hibernate ORM core version 7.2.0.Final
2026-02-16T11:40:13.899+02:00  INFO 23060 --- [ecommerce] [main] o.s.o.j.p.SpringPersistenceUnitInfo      : No LoadTimeWeaver setup: ignoring JPA class transformer
2026-02-16T11:40:13.945+02:00  INFO 23060 --- [ecommerce] [main] com.zaxxer.hikari.HikariDataSource       : HikariPool-1 - Starting...
2026-02-16T11:40:14.175+02:00  INFO 23060 --- [ecommerce] [main] com.zaxxer.hikari.pool.HikariPool        : HikariPool-1 - Added connection org.postgresql.jdbc.PgConnection@69c335c4
2026-02-16T11:40:14.176+02:00  INFO 23060 --- [ecommerce] [main] com.zaxxer.hikari.HikariDataSource       : HikariPool-1 - Start completed.
2026-02-16T11:40:14.205+02:00  WARN 23060 --- [ecommerce] [main] org.hibernate.orm.deprecation            : HHH90000025: PostgreSQLDialect does not need to be specified explicitly using 'hibernate.dialect' (remove the property setting and it will be selected by default)
2026-02-16T11:40:14.233+02:00  INFO 23060 --- [ecommerce] [main] org.hibernate.orm.connections.pooling    : HHH10001005: Database info:
	Database JDBC URL [jdbc:postgresql://localhost:5432/e_commerce_db]
	Database driver: PostgreSQL JDBC Driver
	Database dialect: PostgreSQLDialect
	Database version: 18.1
	Default catalog/schema: e_commerce_db/public
	Autocommit mode: undefined/unknown
	Isolation level: READ_COMMITTED [default READ_COMMITTED]
	JDBC fetch size: none
	Pool: DataSourceConnectionProvider
	Minimum pool size: undefined/unknown
	Maximum pool size: undefined/unknown
2026-02-16T11:40:15.506+02:00  INFO 23060 --- [ecommerce] [main] org.hibernate.orm.core                   : HHH000489: No JTA platform available (set 'hibernate.transaction.jta.platform' to enable JTA platform integration)
2026-02-16T11:40:15.617+02:00  INFO 23060 --- [ecommerce] [main] j.LocalContainerEntityManagerFactoryBean : Initialized JPA EntityManagerFactory for persistence unit 'default'
2026-02-16T11:40:15.875+02:00  INFO 23060 --- [ecommerce] [main] o.s.d.j.r.query.QueryEnhancerFactories   : Hibernate is in classpath; If applicable, HQL parser will be used.
2026-02-16T11:40:18.145+02:00  INFO 23060 --- [ecommerce] [main] org.mongodb.driver.client                : MongoClient with metadata {"driver": {"name": "mongo-java-driver|spring-boot|sync", "version": "5.6.2"}, "os": {"type": "Windows", "name": "Windows 11", "architecture": "amd64", "version": "10.0"}, "platform": "Java/Oracle Corporation/25.0.1+8-27"} created with settings MongoClientSettings{readPreference=primary, writeConcern=WriteConcern{w=null, wTimeout=null ms, journal=null}, retryWrites=true, retryReads=true, readConcern=ReadConcern{level=null}, credential=null, transportSettings=null, commandListeners=[io.micrometer.core.instrument.binder.mongodb.MongoMetricsCommandListener@172f0ab5], codecRegistry=ProvidersCodecRegistry{codecProviders=[ValueCodecProvider{}, BsonValueCodecProvider{}, DBRefCodecProvider{}, DBObjectCodecProvider{}, DocumentCodecProvider{}, CollectionCodecProvider{}, IterableCodecProvider{}, MapCodecProvider{}, GeoJsonCodecProvider{}, GridFSFileCodecProvider{}, Jsr310CodecProvider{}, JsonObjectCodecProvider{}, BsonCodecProvider{}, com.mongodb.client.model.mql.ExpressionCodecProvider@4ba1ccaf, com.mongodb.Jep395RecordCodecProvider@2495bc30, com.mongodb.KotlinCodecProvider@12bc9450, EnumCodecProvider{}]}, loggerSettings=LoggerSettings{maxDocumentLength=1000}, clusterSettings={hosts=[localhost:27017], srvServiceName=mongodb, mode=SINGLE, requiredClusterType=UNKNOWN, requiredReplicaSetName='null', serverSelector='null', clusterListeners='[]', serverSelectionTimeout='30000 ms', localThreshold='15 ms'}, socketSettings=SocketSettings{connectTimeoutMS=10000, readTimeoutMS=0, receiveBufferSize=0, proxySettings=ProxySettings{host=null, port=null, username=null, password=null}}, heartbeatSocketSettings=SocketSettings{connectTimeoutMS=10000, readTimeoutMS=10000, receiveBufferSize=0, proxySettings=ProxySettings{host=null, port=null, username=null, password=null}}, connectionPoolSettings=ConnectionPoolSettings{maxSize=100, minSize=0, maxWaitTimeMS=120000, maxConnectionLifeTimeMS=0, maxConnectionIdleTimeMS=0, maintenanceInitialDelayMS=0, maintenanceFrequencyMS=60000, connectionPoolListeners=[io.micrometer.core.instrument.binder.mongodb.MongoMetricsConnectionPoolListener@2f6a923d], maxConnecting=2}, serverSettings=ServerSettings{heartbeatFrequencyMS=10000, minHeartbeatFrequencyMS=500, serverMonitoringMode=AUTO, serverListeners='[]', serverMonitorListeners='[]'}, sslSettings=SslSettings{enabled=false, invalidHostNameAllowed=false, context=null}, applicationName='null', compressorList=[], uuidRepresentation=UNSPECIFIED, serverApi=null, autoEncryptionSettings=null, dnsClient=null, inetAddressResolver=null, contextProvider=null, timeoutMS=null}
2026-02-16T11:40:18.159+02:00  INFO 23060 --- [ecommerce] [cluster-ClusterId{value='6992e602ee4ca74e24269088', description='null'}-localhost:27017] org.mongodb.driver.cluster               : Monitor thread successfully connected to server with description ServerDescription{address=localhost:27017, type=STANDALONE, cryptd=false, state=CONNECTED, ok=true, minWireVersion=0, maxWireVersion=27, maxDocumentSize=16777216, logicalSessionTimeoutMinutes=30, roundTripTimeNanos=21078500, minRoundTripTimeNanos=0}
2026-02-16T11:40:18.572+02:00  INFO 23060 --- [ecommerce] [main] r$InitializeUserDetailsManagerConfigurer : Global AuthenticationManager configured with UserDetailsService bean with name customUserDetailService
2026-02-16T11:40:19.092+02:00  WARN 23060 --- [ecommerce] [main] JpaBaseConfiguration$JpaWebConfiguration : spring.jpa.open-in-view is enabled by default. Therefore, database queries may be performed during view rendering. Explicitly configure spring.jpa.open-in-view to disable this warning
2026-02-16T11:40:20.393+02:00  INFO 23060 --- [ecommerce] [main] efaultSchemaResourceGraphQlSourceBuilder : Loaded 1 resource(s) in the GraphQL schema.
2026-02-16T11:40:20.593+02:00  INFO 23060 --- [ecommerce] [main] o.s.b.g.a.GraphQlAutoConfiguration       : GraphQL schema inspection:
	Unmapped fields: {OrderPageDTO=[products, totalElements, totalPages, page], CheckoutResponse=[clientSecret, paymentIntentId, amount]}
	Unmapped registrations: {}
	Unmapped arguments: {}
	Field nullness errors: {}
	Argument nullness errors: {ReviewGraphQLController#reviewsByProduct[4 args]=[int page should be NULLABLE, int size should be NULLABLE]}
	Skipped types: []
2026-02-16T11:40:20.622+02:00  INFO 23060 --- [ecommerce] [main] s.b.g.a.s.GraphQlWebMvcAutoConfiguration : GraphQL endpoint HTTP POST /graphql
2026-02-16T11:40:21.364+02:00  INFO 23060 --- [ecommerce] [main] o.s.b.a.e.web.EndpointLinksResolver      : Exposing 4 endpoints beneath base path '/actuator'
2026-02-16T11:40:21.470+02:00  INFO 23060 --- [ecommerce] [main] o.s.boot.tomcat.TomcatWebServer          : Tomcat started on port 8080 (http) with context path '/'
2026-02-16T11:40:21.485+02:00  INFO 23060 --- [ecommerce] [main] c.smart.ecommerce.EcommerceApplication   : Started EcommerceApplication in 12.634 seconds (process running for 13.297)
2026-02-16T11:40:21.582+02:00  WARN 23060 --- [ecommerce] [main] o.s.core.events.SpringDocAppInitializer  : SpringDoc /v3/api-docs endpoint is enabled by default. To disable it in production, set the property 'springdoc.api-docs.enabled=false'
2026-02-16T11:40:21.583+02:00  WARN 23060 --- [ecommerce] [main] o.s.core.events.SpringDocAppInitializer  : SpringDoc /swagger-ui.html endpoint is enabled by default. To disable it in production, set the property 'springdoc.swagger-ui.enabled=false'
2026-02-16T11:40:40.143+02:00  INFO 23060 --- [ecommerce] [http-nio-8080-exec-1] o.a.c.c.C.[Tomcat].[localhost].[/]       : Initializing Spring DispatcherServlet 'dispatcherServlet'
2026-02-16T11:40:40.143+02:00  INFO 23060 --- [ecommerce] [http-nio-8080-exec-1] o.s.web.servlet.DispatcherServlet        : Initializing Servlet 'dispatcherServlet'
2026-02-16T11:40:40.145+02:00  INFO 23060 --- [ecommerce] [http-nio-8080-exec-1] o.s.web.servlet.DispatcherServlet        : Completed initialization in 1 ms
2026-02-16T11:40:52.749+02:00  INFO 23060 --- [ecommerce] [http-nio-8080-exec-2] c.s.e.config.SecurityEventListener       : LOGIN SUCCESS: user=100199801915669019837 ip=0:0:0:0:0:0:0:1
2026-02-16T11:44:58.955+02:00  INFO 23060 --- [ecommerce] [SpringApplicationShutdownHook] o.s.boot.tomcat.GracefulShutdown         : Commencing graceful shutdown. Waiting for active requests to complete
2026-02-16T11:44:58.963+02:00  INFO 23060 --- [ecommerce] [tomcat-shutdown] o.s.boot.tomcat.GracefulShutdown         : Graceful shutdown complete
2026-02-16T11:44:58.977+02:00  INFO 23060 --- [ecommerce] [SpringApplicationShutdownHook] j.LocalContainerEntityManagerFactoryBean : Closing JPA EntityManagerFactory for persistence unit 'default'
2026-02-16T11:44:58.980+02:00  INFO 23060 --- [ecommerce] [SpringApplicationShutdownHook] com.zaxxer.hikari.HikariDataSource       : HikariPool-1 - Shutdown initiated...
2026-02-16T11:44:58.983+02:00  INFO 23060 --- [ecommerce] [SpringApplicationShutdownHook] com.zaxxer.hikari.HikariDataSource       : HikariPool-1 - Shutdown completed.
2026-02-16T11:45:03.903+02:00  INFO 24304 --- [ecommerce] [main] c.smart.ecommerce.EcommerceApplication   : Starting EcommerceApplication using Java 25.0.1 with PID 24304 (D:\Amalitech Courses\Spring Web Fundamentals\ecommerce\ecommerce\target\classes started by Amalitech in D:\Amalitech Courses\Spring Web Fundamentals\ecommerce\ecommerce)
2026-02-16T11:45:03.906+02:00  INFO 24304 --- [ecommerce] [main] c.smart.ecommerce.EcommerceApplication   : The following 1 profile is active: "dev"
2026-02-16T11:45:05.262+02:00  INFO 24304 --- [ecommerce] [main] .s.d.r.c.RepositoryConfigurationDelegate : Multiple Spring Data modules found, entering strict repository configuration mode
2026-02-16T11:45:05.265+02:00  INFO 24304 --- [ecommerce] [main] .s.d.r.c.RepositoryConfigurationDelegate : Bootstrapping Spring Data JPA repositories in DEFAULT mode.
2026-02-16T11:45:05.406+02:00  INFO 24304 --- [ecommerce] [main] .RepositoryConfigurationExtensionSupport : Spring Data JPA - Could not safely identify store assignment for repository candidate interface com.smart.ecommerce.repository.ReviewRepository; If you want this repository to be a JPA repository, consider annotating your entities with one of these annotations: jakarta.persistence.Entity, jakarta.persistence.MappedSuperclass (preferred), or consider extending one of the following types with your repository: org.springframework.data.jpa.repository.JpaRepository
2026-02-16T11:45:05.438+02:00  INFO 24304 --- [ecommerce] [main] .s.d.r.c.RepositoryConfigurationDelegate : Finished Spring Data repository scanning in 164 ms. Found 8 JPA repository interfaces.
2026-02-16T11:45:05.479+02:00  INFO 24304 --- [ecommerce] [main] .s.d.r.c.RepositoryConfigurationDelegate : Multiple Spring Data modules found, entering strict repository configuration mode
2026-02-16T11:45:05.480+02:00  INFO 24304 --- [ecommerce] [main] .s.d.r.c.RepositoryConfigurationDelegate : Bootstrapping Spring Data MongoDB repositories in DEFAULT mode.
2026-02-16T11:45:05.494+02:00  INFO 24304 --- [ecommerce] [main] .RepositoryConfigurationExtensionSupport : Spring Data MongoDB - Could not safely identify store assignment for repository candidate interface com.smart.ecommerce.repository.CartItemRepository; If you want this repository to be a MongoDB repository, consider annotating your entities with one of these annotations: org.springframework.data.mongodb.core.mapping.Document (preferred), or consider extending one of the following types with your repository: org.springframework.data.mongodb.repository.MongoRepository
2026-02-16T11:45:05.495+02:00  INFO 24304 --- [ecommerce] [main] .RepositoryConfigurationExtensionSupport : Spring Data MongoDB - Could not safely identify store assignment for repository candidate interface com.smart.ecommerce.repository.CartRepository; If you want this repository to be a MongoDB repository, consider annotating your entities with one of these annotations: org.springframework.data.mongodb.core.mapping.Document (preferred), or consider extending one of the following types with your repository: org.springframework.data.mongodb.repository.MongoRepository
2026-02-16T11:45:05.495+02:00  INFO 24304 --- [ecommerce] [main] .RepositoryConfigurationExtensionSupport : Spring Data MongoDB - Could not safely identify store assignment for repository candidate interface com.smart.ecommerce.repository.CategoryRepository; If you want this repository to be a MongoDB repository, consider annotating your entities with one of these annotations: org.springframework.data.mongodb.core.mapping.Document (preferred), or consider extending one of the following types with your repository: org.springframework.data.mongodb.repository.MongoRepository
2026-02-16T11:45:05.496+02:00  INFO 24304 --- [ecommerce] [main] .RepositoryConfigurationExtensionSupport : Spring Data MongoDB - Could not safely identify store assignment for repository candidate interface com.smart.ecommerce.repository.InventoryRepository; If you want this repository to be a MongoDB repository, consider annotating your entities with one of these annotations: org.springframework.data.mongodb.core.mapping.Document (preferred), or consider extending one of the following types with your repository: org.springframework.data.mongodb.repository.MongoRepository
2026-02-16T11:45:05.496+02:00  INFO 24304 --- [ecommerce] [main] .RepositoryConfigurationExtensionSupport : Spring Data MongoDB - Could not safely identify store assignment for repository candidate interface com.smart.ecommerce.repository.OrderItemRepository; If you want this repository to be a MongoDB repository, consider annotating your entities with one of these annotations: org.springframework.data.mongodb.core.mapping.Document (preferred), or consider extending one of the following types with your repository: org.springframework.data.mongodb.repository.MongoRepository
2026-02-16T11:45:05.497+02:00  INFO 24304 --- [ecommerce] [main] .RepositoryConfigurationExtensionSupport : Spring Data MongoDB - Could not safely identify store assignment for repository candidate interface com.smart.ecommerce.repository.OrderRepository; If you want this repository to be a MongoDB repository, consider annotating your entities with one of these annotations: org.springframework.data.mongodb.core.mapping.Document (preferred), or consider extending one of the following types with your repository: org.springframework.data.mongodb.repository.MongoRepository
2026-02-16T11:45:05.498+02:00  INFO 24304 --- [ecommerce] [main] .RepositoryConfigurationExtensionSupport : Spring Data MongoDB - Could not safely identify store assignment for repository candidate interface com.smart.ecommerce.repository.ProductRepository; If you want this repository to be a MongoDB repository, consider annotating your entities with one of these annotations: org.springframework.data.mongodb.core.mapping.Document (preferred), or consider extending one of the following types with your repository: org.springframework.data.mongodb.repository.MongoRepository
2026-02-16T11:45:05.499+02:00  INFO 24304 --- [ecommerce] [main] .RepositoryConfigurationExtensionSupport : Spring Data MongoDB - Could not safely identify store assignment for repository candidate interface com.smart.ecommerce.repository.UserRepository; If you want this repository to be a MongoDB repository, consider annotating your entities with one of these annotations: org.springframework.data.mongodb.core.mapping.Document (preferred), or consider extending one of the following types with your repository: org.springframework.data.mongodb.repository.MongoRepository
2026-02-16T11:45:05.506+02:00  INFO 24304 --- [ecommerce] [main] .s.d.r.c.RepositoryConfigurationDelegate : Finished Spring Data repository scanning in 24 ms. Found 1 MongoDB repository interface.
2026-02-16T11:45:06.523+02:00  INFO 24304 --- [ecommerce] [main] o.s.boot.tomcat.TomcatWebServer          : Tomcat initialized with port 8080 (http)
2026-02-16T11:45:06.535+02:00  INFO 24304 --- [ecommerce] [main] o.apache.catalina.core.StandardService   : Starting service [Tomcat]
2026-02-16T11:45:06.535+02:00  INFO 24304 --- [ecommerce] [main] o.apache.catalina.core.StandardEngine    : Starting Servlet engine: [Apache Tomcat/11.0.15]
2026-02-16T11:45:06.606+02:00  INFO 24304 --- [ecommerce] [main] b.w.c.s.WebApplicationContextInitializer : Root WebApplicationContext: initialization completed in 2629 ms
2026-02-16T11:45:06.993+02:00  INFO 24304 --- [ecommerce] [main] org.hibernate.orm.jpa                    : HHH008540: Processing PersistenceUnitInfo [name: default]
2026-02-16T11:45:07.042+02:00  INFO 24304 --- [ecommerce] [main] org.hibernate.orm.core                   : HHH000001: Hibernate ORM core version 7.2.0.Final
2026-02-16T11:45:07.493+02:00  INFO 24304 --- [ecommerce] [main] o.s.o.j.p.SpringPersistenceUnitInfo      : No LoadTimeWeaver setup: ignoring JPA class transformer
2026-02-16T11:45:07.523+02:00  INFO 24304 --- [ecommerce] [main] com.zaxxer.hikari.HikariDataSource       : HikariPool-1 - Starting...
2026-02-16T11:45:07.691+02:00  INFO 24304 --- [ecommerce] [main] com.zaxxer.hikari.pool.HikariPool        : HikariPool-1 - Added connection org.postgresql.jdbc.PgConnection@fe38d1e
2026-02-16T11:45:07.693+02:00  INFO 24304 --- [ecommerce] [main] com.zaxxer.hikari.HikariDataSource       : HikariPool-1 - Start completed.
2026-02-16T11:45:07.722+02:00  WARN 24304 --- [ecommerce] [main] org.hibernate.orm.deprecation            : HHH90000025: PostgreSQLDialect does not need to be specified explicitly using 'hibernate.dialect' (remove the property setting and it will be selected by default)
2026-02-16T11:45:07.748+02:00  INFO 24304 --- [ecommerce] [main] org.hibernate.orm.connections.pooling    : HHH10001005: Database info:
	Database JDBC URL [jdbc:postgresql://localhost:5432/e_commerce_db]
	Database driver: PostgreSQL JDBC Driver
	Database dialect: PostgreSQLDialect
	Database version: 18.1
	Default catalog/schema: e_commerce_db/public
	Autocommit mode: undefined/unknown
	Isolation level: READ_COMMITTED [default READ_COMMITTED]
	JDBC fetch size: none
	Pool: DataSourceConnectionProvider
	Minimum pool size: undefined/unknown
	Maximum pool size: undefined/unknown
2026-02-16T11:45:09.027+02:00  INFO 24304 --- [ecommerce] [main] org.hibernate.orm.core                   : HHH000489: No JTA platform available (set 'hibernate.transaction.jta.platform' to enable JTA platform integration)
2026-02-16T11:45:09.113+02:00  INFO 24304 --- [ecommerce] [main] j.LocalContainerEntityManagerFactoryBean : Initialized JPA EntityManagerFactory for persistence unit 'default'
2026-02-16T11:45:09.296+02:00  INFO 24304 --- [ecommerce] [main] o.s.d.j.r.query.QueryEnhancerFactories   : Hibernate is in classpath; If applicable, HQL parser will be used.
2026-02-16T11:45:10.886+02:00  INFO 24304 --- [ecommerce] [main] org.mongodb.driver.client                : MongoClient with metadata {"driver": {"name": "mongo-java-driver|spring-boot|sync", "version": "5.6.2"}, "os": {"type": "Windows", "name": "Windows 11", "architecture": "amd64", "version": "10.0"}, "platform": "Java/Oracle Corporation/25.0.1+8-27"} created with settings MongoClientSettings{readPreference=primary, writeConcern=WriteConcern{w=null, wTimeout=null ms, journal=null}, retryWrites=true, retryReads=true, readConcern=ReadConcern{level=null}, credential=null, transportSettings=null, commandListeners=[io.micrometer.core.instrument.binder.mongodb.MongoMetricsCommandListener@7a0eca26], codecRegistry=ProvidersCodecRegistry{codecProviders=[ValueCodecProvider{}, BsonValueCodecProvider{}, DBRefCodecProvider{}, DBObjectCodecProvider{}, DocumentCodecProvider{}, CollectionCodecProvider{}, IterableCodecProvider{}, MapCodecProvider{}, GeoJsonCodecProvider{}, GridFSFileCodecProvider{}, Jsr310CodecProvider{}, JsonObjectCodecProvider{}, BsonCodecProvider{}, com.mongodb.client.model.mql.ExpressionCodecProvider@10eddc8b, com.mongodb.Jep395RecordCodecProvider@cb715b9, com.mongodb.KotlinCodecProvider@50c253b6, EnumCodecProvider{}]}, loggerSettings=LoggerSettings{maxDocumentLength=1000}, clusterSettings={hosts=[localhost:27017], srvServiceName=mongodb, mode=SINGLE, requiredClusterType=UNKNOWN, requiredReplicaSetName='null', serverSelector='null', clusterListeners='[]', serverSelectionTimeout='30000 ms', localThreshold='15 ms'}, socketSettings=SocketSettings{connectTimeoutMS=10000, readTimeoutMS=0, receiveBufferSize=0, proxySettings=ProxySettings{host=null, port=null, username=null, password=null}}, heartbeatSocketSettings=SocketSettings{connectTimeoutMS=10000, readTimeoutMS=10000, receiveBufferSize=0, proxySettings=ProxySettings{host=null, port=null, username=null, password=null}}, connectionPoolSettings=ConnectionPoolSettings{maxSize=100, minSize=0, maxWaitTimeMS=120000, maxConnectionLifeTimeMS=0, maxConnectionIdleTimeMS=0, maintenanceInitialDelayMS=0, maintenanceFrequencyMS=60000, connectionPoolListeners=[io.micrometer.core.instrument.binder.mongodb.MongoMetricsConnectionPoolListener@493d8aa7], maxConnecting=2}, serverSettings=ServerSettings{heartbeatFrequencyMS=10000, minHeartbeatFrequencyMS=500, serverMonitoringMode=AUTO, serverListeners='[]', serverMonitorListeners='[]'}, sslSettings=SslSettings{enabled=false, invalidHostNameAllowed=false, context=null}, applicationName='null', compressorList=[], uuidRepresentation=UNSPECIFIED, serverApi=null, autoEncryptionSettings=null, dnsClient=null, inetAddressResolver=null, contextProvider=null, timeoutMS=null}
2026-02-16T11:45:10.901+02:00  INFO 24304 --- [ecommerce] [cluster-ClusterId{value='6992e72623a34023e8316068', description='null'}-localhost:27017] org.mongodb.driver.cluster               : Monitor thread successfully connected to server with description ServerDescription{address=localhost:27017, type=STANDALONE, cryptd=false, state=CONNECTED, ok=true, minWireVersion=0, maxWireVersion=27, maxDocumentSize=16777216, logicalSessionTimeoutMinutes=30, roundTripTimeNanos=28291900, minRoundTripTimeNanos=0}
2026-02-16T11:45:11.307+02:00  INFO 24304 --- [ecommerce] [main] r$InitializeUserDetailsManagerConfigurer : Global AuthenticationManager configured with UserDetailsService bean with name customUserDetailService
2026-02-16T11:45:11.776+02:00  WARN 24304 --- [ecommerce] [main] JpaBaseConfiguration$JpaWebConfiguration : spring.jpa.open-in-view is enabled by default. Therefore, database queries may be performed during view rendering. Explicitly configure spring.jpa.open-in-view to disable this warning
2026-02-16T11:45:12.778+02:00  INFO 24304 --- [ecommerce] [main] efaultSchemaResourceGraphQlSourceBuilder : Loaded 1 resource(s) in the GraphQL schema.
2026-02-16T11:45:13.002+02:00  INFO 24304 --- [ecommerce] [main] o.s.b.g.a.GraphQlAutoConfiguration       : GraphQL schema inspection:
	Unmapped fields: {OrderPageDTO=[products, totalElements, totalPages, page], CheckoutResponse=[clientSecret, paymentIntentId, amount]}
	Unmapped registrations: {}
	Unmapped arguments: {}
	Field nullness errors: {}
	Argument nullness errors: {ReviewGraphQLController#reviewsByProduct[4 args]=[int page should be NULLABLE, int size should be NULLABLE]}
	Skipped types: []
2026-02-16T11:45:13.040+02:00  INFO 24304 --- [ecommerce] [main] s.b.g.a.s.GraphQlWebMvcAutoConfiguration : GraphQL endpoint HTTP POST /graphql
2026-02-16T11:45:13.714+02:00  INFO 24304 --- [ecommerce] [main] o.s.b.a.e.web.EndpointLinksResolver      : Exposing 4 endpoints beneath base path '/actuator'
2026-02-16T11:45:13.810+02:00  INFO 24304 --- [ecommerce] [main] o.s.boot.tomcat.TomcatWebServer          : Tomcat started on port 8080 (http) with context path '/'
2026-02-16T11:45:13.827+02:00  INFO 24304 --- [ecommerce] [main] c.smart.ecommerce.EcommerceApplication   : Started EcommerceApplication in 10.459 seconds (process running for 10.994)
2026-02-16T11:45:13.915+02:00  WARN 24304 --- [ecommerce] [main] o.s.core.events.SpringDocAppInitializer  : SpringDoc /v3/api-docs endpoint is enabled by default. To disable it in production, set the property 'springdoc.api-docs.enabled=false'
2026-02-16T11:45:13.916+02:00  WARN 24304 --- [ecommerce] [main] o.s.core.events.SpringDocAppInitializer  : SpringDoc /swagger-ui.html endpoint is enabled by default. To disable it in production, set the property 'springdoc.swagger-ui.enabled=false'
2026-02-16T11:45:32.883+02:00  INFO 24304 --- [ecommerce] [http-nio-8080-exec-1] o.a.c.c.C.[Tomcat].[localhost].[/]       : Initializing Spring DispatcherServlet 'dispatcherServlet'
2026-02-16T11:45:32.884+02:00  INFO 24304 --- [ecommerce] [http-nio-8080-exec-1] o.s.web.servlet.DispatcherServlet        : Initializing Servlet 'dispatcherServlet'
2026-02-16T11:45:32.887+02:00  INFO 24304 --- [ecommerce] [http-nio-8080-exec-1] o.s.web.servlet.DispatcherServlet        : Completed initialization in 3 ms
2026-02-16T11:45:45.509+02:00  INFO 24304 --- [ecommerce] [http-nio-8080-exec-4] c.s.e.config.SecurityEventListener       : LOGIN SUCCESS: user=100199801915669019837 ip=0:0:0:0:0:0:0:1
2026-02-16T12:15:12.526+02:00  INFO 24304 --- [ecommerce] [SpringApplicationShutdownHook] o.s.boot.tomcat.GracefulShutdown         : Commencing graceful shutdown. Waiting for active requests to complete
2026-02-16T12:15:12.535+02:00  INFO 24304 --- [ecommerce] [tomcat-shutdown] o.s.boot.tomcat.GracefulShutdown         : Graceful shutdown complete
2026-02-16T12:15:12.549+02:00  INFO 24304 --- [ecommerce] [SpringApplicationShutdownHook] j.LocalContainerEntityManagerFactoryBean : Closing JPA EntityManagerFactory for persistence unit 'default'
2026-02-16T12:15:12.551+02:00  INFO 24304 --- [ecommerce] [SpringApplicationShutdownHook] com.zaxxer.hikari.HikariDataSource       : HikariPool-1 - Shutdown initiated...
2026-02-16T12:15:12.553+02:00  INFO 24304 --- [ecommerce] [SpringApplicationShutdownHook] com.zaxxer.hikari.HikariDataSource       : HikariPool-1 - Shutdown completed.
2026-02-16T12:15:14.623+02:00  INFO 24440 --- [ecommerce] [main] c.smart.ecommerce.EcommerceApplication   : Starting EcommerceApplication using Java 25.0.1 with PID 24440 (D:\Amalitech Courses\Spring Web Fundamentals\ecommerce\ecommerce\target\classes started by Amalitech in D:\Amalitech Courses\Spring Web Fundamentals\ecommerce\ecommerce)
2026-02-16T12:15:14.626+02:00  INFO 24440 --- [ecommerce] [main] c.smart.ecommerce.EcommerceApplication   : The following 1 profile is active: "dev"
2026-02-16T12:15:15.987+02:00  INFO 24440 --- [ecommerce] [main] .s.d.r.c.RepositoryConfigurationDelegate : Multiple Spring Data modules found, entering strict repository configuration mode
2026-02-16T12:15:15.990+02:00  INFO 24440 --- [ecommerce] [main] .s.d.r.c.RepositoryConfigurationDelegate : Bootstrapping Spring Data JPA repositories in DEFAULT mode.
2026-02-16T12:15:16.119+02:00  INFO 24440 --- [ecommerce] [main] .RepositoryConfigurationExtensionSupport : Spring Data JPA - Could not safely identify store assignment for repository candidate interface com.smart.ecommerce.repository.ReviewRepository; If you want this repository to be a JPA repository, consider annotating your entities with one of these annotations: jakarta.persistence.Entity, jakarta.persistence.MappedSuperclass (preferred), or consider extending one of the following types with your repository: org.springframework.data.jpa.repository.JpaRepository
2026-02-16T12:15:16.152+02:00  INFO 24440 --- [ecommerce] [main] .s.d.r.c.RepositoryConfigurationDelegate : Finished Spring Data repository scanning in 152 ms. Found 8 JPA repository interfaces.
2026-02-16T12:15:16.184+02:00  INFO 24440 --- [ecommerce] [main] .s.d.r.c.RepositoryConfigurationDelegate : Multiple Spring Data modules found, entering strict repository configuration mode
2026-02-16T12:15:16.184+02:00  INFO 24440 --- [ecommerce] [main] .s.d.r.c.RepositoryConfigurationDelegate : Bootstrapping Spring Data MongoDB repositories in DEFAULT mode.
2026-02-16T12:15:16.195+02:00  INFO 24440 --- [ecommerce] [main] .RepositoryConfigurationExtensionSupport : Spring Data MongoDB - Could not safely identify store assignment for repository candidate interface com.smart.ecommerce.repository.CartItemRepository; If you want this repository to be a MongoDB repository, consider annotating your entities with one of these annotations: org.springframework.data.mongodb.core.mapping.Document (preferred), or consider extending one of the following types with your repository: org.springframework.data.mongodb.repository.MongoRepository
2026-02-16T12:15:16.195+02:00  INFO 24440 --- [ecommerce] [main] .RepositoryConfigurationExtensionSupport : Spring Data MongoDB - Could not safely identify store assignment for repository candidate interface com.smart.ecommerce.repository.CartRepository; If you want this repository to be a MongoDB repository, consider annotating your entities with one of these annotations: org.springframework.data.mongodb.core.mapping.Document (preferred), or consider extending one of the following types with your repository: org.springframework.data.mongodb.repository.MongoRepository
2026-02-16T12:15:16.196+02:00  INFO 24440 --- [ecommerce] [main] .RepositoryConfigurationExtensionSupport : Spring Data MongoDB - Could not safely identify store assignment for repository candidate interface com.smart.ecommerce.repository.CategoryRepository; If you want this repository to be a MongoDB repository, consider annotating your entities with one of these annotations: org.springframework.data.mongodb.core.mapping.Document (preferred), or consider extending one of the following types with your repository: org.springframework.data.mongodb.repository.MongoRepository
2026-02-16T12:15:16.197+02:00  INFO 24440 --- [ecommerce] [main] .RepositoryConfigurationExtensionSupport : Spring Data MongoDB - Could not safely identify store assignment for repository candidate interface com.smart.ecommerce.repository.InventoryRepository; If you want this repository to be a MongoDB repository, consider annotating your entities with one of these annotations: org.springframework.data.mongodb.core.mapping.Document (preferred), or consider extending one of the following types with your repository: org.springframework.data.mongodb.repository.MongoRepository
2026-02-16T12:15:16.197+02:00  INFO 24440 --- [ecommerce] [main] .RepositoryConfigurationExtensionSupport : Spring Data MongoDB - Could not safely identify store assignment for repository candidate interface com.smart.ecommerce.repository.OrderItemRepository; If you want this repository to be a MongoDB repository, consider annotating your entities with one of these annotations: org.springframework.data.mongodb.core.mapping.Document (preferred), or consider extending one of the following types with your repository: org.springframework.data.mongodb.repository.MongoRepository
2026-02-16T12:15:16.198+02:00  INFO 24440 --- [ecommerce] [main] .RepositoryConfigurationExtensionSupport : Spring Data MongoDB - Could not safely identify store assignment for repository candidate interface com.smart.ecommerce.repository.OrderRepository; If you want this repository to be a MongoDB repository, consider annotating your entities with one of these annotations: org.springframework.data.mongodb.core.mapping.Document (preferred), or consider extending one of the following types with your repository: org.springframework.data.mongodb.repository.MongoRepository
2026-02-16T12:15:16.199+02:00  INFO 24440 --- [ecommerce] [main] .RepositoryConfigurationExtensionSupport : Spring Data MongoDB - Could not safely identify store assignment for repository candidate interface com.smart.ecommerce.repository.ProductRepository; If you want this repository to be a MongoDB repository, consider annotating your entities with one of these annotations: org.springframework.data.mongodb.core.mapping.Document (preferred), or consider extending one of the following types with your repository: org.springframework.data.mongodb.repository.MongoRepository
2026-02-16T12:15:16.200+02:00  INFO 24440 --- [ecommerce] [main] .RepositoryConfigurationExtensionSupport : Spring Data MongoDB - Could not safely identify store assignment for repository candidate interface com.smart.ecommerce.repository.UserRepository; If you want this repository to be a MongoDB repository, consider annotating your entities with one of these annotations: org.springframework.data.mongodb.core.mapping.Document (preferred), or consider extending one of the following types with your repository: org.springframework.data.mongodb.repository.MongoRepository
2026-02-16T12:15:16.207+02:00  INFO 24440 --- [ecommerce] [main] .s.d.r.c.RepositoryConfigurationDelegate : Finished Spring Data repository scanning in 21 ms. Found 1 MongoDB repository interface.
2026-02-16T12:15:17.727+02:00  INFO 24440 --- [ecommerce] [main] o.s.boot.tomcat.TomcatWebServer          : Tomcat initialized with port 8080 (http)
2026-02-16T12:15:17.747+02:00  INFO 24440 --- [ecommerce] [main] o.apache.catalina.core.StandardService   : Starting service [Tomcat]
2026-02-16T12:15:17.747+02:00  INFO 24440 --- [ecommerce] [main] o.apache.catalina.core.StandardEngine    : Starting Servlet engine: [Apache Tomcat/11.0.15]
2026-02-16T12:15:17.864+02:00  INFO 24440 --- [ecommerce] [main] b.w.c.s.WebApplicationContextInitializer : Root WebApplicationContext: initialization completed in 3177 ms
2026-02-16T12:15:18.479+02:00  INFO 24440 --- [ecommerce] [main] org.hibernate.orm.jpa                    : HHH008540: Processing PersistenceUnitInfo [name: default]
2026-02-16T12:15:18.582+02:00  INFO 24440 --- [ecommerce] [main] org.hibernate.orm.core                   : HHH000001: Hibernate ORM core version 7.2.0.Final
2026-02-16T12:15:19.246+02:00  INFO 24440 --- [ecommerce] [main] o.s.o.j.p.SpringPersistenceUnitInfo      : No LoadTimeWeaver setup: ignoring JPA class transformer
2026-02-16T12:15:19.297+02:00  INFO 24440 --- [ecommerce] [main] com.zaxxer.hikari.HikariDataSource       : HikariPool-1 - Starting...
2026-02-16T12:15:19.547+02:00  INFO 24440 --- [ecommerce] [main] com.zaxxer.hikari.pool.HikariPool        : HikariPool-1 - Added connection org.postgresql.jdbc.PgConnection@69c335c4
2026-02-16T12:15:19.549+02:00  INFO 24440 --- [ecommerce] [main] com.zaxxer.hikari.HikariDataSource       : HikariPool-1 - Start completed.
2026-02-16T12:15:19.587+02:00  WARN 24440 --- [ecommerce] [main] org.hibernate.orm.deprecation            : HHH90000025: PostgreSQLDialect does not need to be specified explicitly using 'hibernate.dialect' (remove the property setting and it will be selected by default)
2026-02-16T12:15:19.619+02:00  INFO 24440 --- [ecommerce] [main] org.hibernate.orm.connections.pooling    : HHH10001005: Database info:
	Database JDBC URL [jdbc:postgresql://localhost:5432/e_commerce_db]
	Database driver: PostgreSQL JDBC Driver
	Database dialect: PostgreSQLDialect
	Database version: 18.1
	Default catalog/schema: e_commerce_db/public
	Autocommit mode: undefined/unknown
	Isolation level: READ_COMMITTED [default READ_COMMITTED]
	JDBC fetch size: none
	Pool: DataSourceConnectionProvider
	Minimum pool size: undefined/unknown
	Maximum pool size: undefined/unknown
2026-02-16T12:15:21.416+02:00  INFO 24440 --- [ecommerce] [main] org.hibernate.orm.core                   : HHH000489: No JTA platform available (set 'hibernate.transaction.jta.platform' to enable JTA platform integration)
2026-02-16T12:15:21.526+02:00  INFO 24440 --- [ecommerce] [main] j.LocalContainerEntityManagerFactoryBean : Initialized JPA EntityManagerFactory for persistence unit 'default'
2026-02-16T12:15:21.770+02:00  INFO 24440 --- [ecommerce] [main] o.s.d.j.r.query.QueryEnhancerFactories   : Hibernate is in classpath; If applicable, HQL parser will be used.
2026-02-16T12:15:23.742+02:00  INFO 24440 --- [ecommerce] [main] org.mongodb.driver.client                : MongoClient with metadata {"driver": {"name": "mongo-java-driver|spring-boot|sync", "version": "5.6.2"}, "os": {"type": "Windows", "name": "Windows 11", "architecture": "amd64", "version": "10.0"}, "platform": "Java/Oracle Corporation/25.0.1+8-27"} created with settings MongoClientSettings{readPreference=primary, writeConcern=WriteConcern{w=null, wTimeout=null ms, journal=null}, retryWrites=true, retryReads=true, readConcern=ReadConcern{level=null}, credential=null, transportSettings=null, commandListeners=[io.micrometer.core.instrument.binder.mongodb.MongoMetricsCommandListener@7c095332], codecRegistry=ProvidersCodecRegistry{codecProviders=[ValueCodecProvider{}, BsonValueCodecProvider{}, DBRefCodecProvider{}, DBObjectCodecProvider{}, DocumentCodecProvider{}, CollectionCodecProvider{}, IterableCodecProvider{}, MapCodecProvider{}, GeoJsonCodecProvider{}, GridFSFileCodecProvider{}, Jsr310CodecProvider{}, JsonObjectCodecProvider{}, BsonCodecProvider{}, com.mongodb.client.model.mql.ExpressionCodecProvider@1d8ab0dc, com.mongodb.Jep395RecordCodecProvider@aa8f19d, com.mongodb.KotlinCodecProvider@40ccaefa, EnumCodecProvider{}]}, loggerSettings=LoggerSettings{maxDocumentLength=1000}, clusterSettings={hosts=[localhost:27017], srvServiceName=mongodb, mode=SINGLE, requiredClusterType=UNKNOWN, requiredReplicaSetName='null', serverSelector='null', clusterListeners='[]', serverSelectionTimeout='30000 ms', localThreshold='15 ms'}, socketSettings=SocketSettings{connectTimeoutMS=10000, readTimeoutMS=0, receiveBufferSize=0, proxySettings=ProxySettings{host=null, port=null, username=null, password=null}}, heartbeatSocketSettings=SocketSettings{connectTimeoutMS=10000, readTimeoutMS=10000, receiveBufferSize=0, proxySettings=ProxySettings{host=null, port=null, username=null, password=null}}, connectionPoolSettings=ConnectionPoolSettings{maxSize=100, minSize=0, maxWaitTimeMS=120000, maxConnectionLifeTimeMS=0, maxConnectionIdleTimeMS=0, maintenanceInitialDelayMS=0, maintenanceFrequencyMS=60000, connectionPoolListeners=[io.micrometer.core.instrument.binder.mongodb.MongoMetricsConnectionPoolListener@c079185], maxConnecting=2}, serverSettings=ServerSettings{heartbeatFrequencyMS=10000, minHeartbeatFrequencyMS=500, serverMonitoringMode=AUTO, serverListeners='[]', serverMonitorListeners='[]'}, sslSettings=SslSettings{enabled=false, invalidHostNameAllowed=false, context=null}, applicationName='null', compressorList=[], uuidRepresentation=UNSPECIFIED, serverApi=null, autoEncryptionSettings=null, dnsClient=null, inetAddressResolver=null, contextProvider=null, timeoutMS=null}
2026-02-16T12:15:23.756+02:00  INFO 24440 --- [ecommerce] [cluster-ClusterId{value='6992ee3b485b74beaf037cdb', description='null'}-localhost:27017] org.mongodb.driver.cluster               : Monitor thread successfully connected to server with description ServerDescription{address=localhost:27017, type=STANDALONE, cryptd=false, state=CONNECTED, ok=true, minWireVersion=0, maxWireVersion=27, maxDocumentSize=16777216, logicalSessionTimeoutMinutes=30, roundTripTimeNanos=25547800, minRoundTripTimeNanos=0}
2026-02-16T12:15:24.248+02:00  INFO 24440 --- [ecommerce] [main] r$InitializeUserDetailsManagerConfigurer : Global AuthenticationManager configured with UserDetailsService bean with name customUserDetailService
2026-02-16T12:15:24.842+02:00  WARN 24440 --- [ecommerce] [main] JpaBaseConfiguration$JpaWebConfiguration : spring.jpa.open-in-view is enabled by default. Therefore, database queries may be performed during view rendering. Explicitly configure spring.jpa.open-in-view to disable this warning
2026-02-16T12:15:26.145+02:00  INFO 24440 --- [ecommerce] [main] efaultSchemaResourceGraphQlSourceBuilder : Loaded 1 resource(s) in the GraphQL schema.
2026-02-16T12:15:26.491+02:00  INFO 24440 --- [ecommerce] [main] o.s.b.g.a.GraphQlAutoConfiguration       : GraphQL schema inspection:
	Unmapped fields: {OrderPageDTO=[products, totalElements, totalPages, page], CheckoutResponse=[clientSecret, paymentIntentId, amount]}
	Unmapped registrations: {}
	Unmapped arguments: {}
	Field nullness errors: {}
	Argument nullness errors: {ReviewGraphQLController#reviewsByProduct[4 args]=[int page should be NULLABLE, int size should be NULLABLE]}
	Skipped types: []
2026-02-16T12:15:26.538+02:00  INFO 24440 --- [ecommerce] [main] s.b.g.a.s.GraphQlWebMvcAutoConfiguration : GraphQL endpoint HTTP POST /graphql
2026-02-16T12:15:27.439+02:00  INFO 24440 --- [ecommerce] [main] o.s.b.a.e.web.EndpointLinksResolver      : Exposing 4 endpoints beneath base path '/actuator'
2026-02-16T12:15:27.578+02:00  INFO 24440 --- [ecommerce] [main] o.s.boot.tomcat.TomcatWebServer          : Tomcat started on port 8080 (http) with context path '/'
2026-02-16T12:15:27.600+02:00  INFO 24440 --- [ecommerce] [main] c.smart.ecommerce.EcommerceApplication   : Started EcommerceApplication in 13.489 seconds (process running for 14.119)
2026-02-16T12:15:27.739+02:00  WARN 24440 --- [ecommerce] [main] o.s.core.events.SpringDocAppInitializer  : SpringDoc /v3/api-docs endpoint is enabled by default. To disable it in production, set the property 'springdoc.api-docs.enabled=false'
2026-02-16T12:15:27.739+02:00  WARN 24440 --- [ecommerce] [main] o.s.core.events.SpringDocAppInitializer  : SpringDoc /swagger-ui.html endpoint is enabled by default. To disable it in production, set the property 'springdoc.swagger-ui.enabled=false'
2026-02-16T12:16:53.552+02:00  INFO 24440 --- [ecommerce] [SpringApplicationShutdownHook] o.s.boot.tomcat.GracefulShutdown         : Commencing graceful shutdown. Waiting for active requests to complete
2026-02-16T12:16:53.561+02:00  INFO 24440 --- [ecommerce] [tomcat-shutdown] o.s.boot.tomcat.GracefulShutdown         : Graceful shutdown complete
2026-02-16T12:16:53.575+02:00  INFO 24440 --- [ecommerce] [SpringApplicationShutdownHook] j.LocalContainerEntityManagerFactoryBean : Closing JPA EntityManagerFactory for persistence unit 'default'
2026-02-16T12:16:53.579+02:00  INFO 24440 --- [ecommerce] [SpringApplicationShutdownHook] com.zaxxer.hikari.HikariDataSource       : HikariPool-1 - Shutdown initiated...
2026-02-16T12:16:53.582+02:00  INFO 24440 --- [ecommerce] [SpringApplicationShutdownHook] com.zaxxer.hikari.HikariDataSource       : HikariPool-1 - Shutdown completed.
